-- phpMyAdmin SQL Dump
-- version 5.2.1
-- https://www.phpmyadmin.net/
--
-- 主機： 127.0.0.1
-- 產生時間： 2024-04-24 17:46:19
-- 伺服器版本： 8.0.35
-- PHP 版本： 8.1.25

SET SQL_MODE = "NO_AUTO_VALUE_ON_ZERO";
START TRANSACTION;
SET time_zone = "+00:00";


/*!40101 SET @OLD_CHARACTER_SET_CLIENT=@@CHARACTER_SET_CLIENT */;
/*!40101 SET @OLD_CHARACTER_SET_RESULTS=@@CHARACTER_SET_RESULTS */;
/*!40101 SET @OLD_COLLATION_CONNECTION=@@COLLATION_CONNECTION */;
/*!40101 SET NAMES utf8mb4 */;

--
-- 資料庫： `join_to_play`
--

-- --------------------------------------------------------

--
-- 資料表結構 `booking_desk`
--

CREATE TABLE `booking_desk` (
  `sid` int NOT NULL,
  `member_id` int NOT NULL,
  `store_id` int NOT NULL,
  `store_name` varchar(100) NOT NULL,
  `booking_date` datetime NOT NULL,
  `booking_time` varchar(10) CHARACTER SET utf8mb3 COLLATE utf8mb3_general_ci NOT NULL,
  `player_count` int NOT NULL,
  `created_at` timestamp NULL DEFAULT CURRENT_TIMESTAMP
) ENGINE=InnoDB DEFAULT CHARSET=utf8mb3;

--
-- 傾印資料表的資料 `booking_desk`
--

INSERT INTO `booking_desk` (`sid`, `member_id`, `store_id`, `store_name`, `booking_date`, `booking_time`, `player_count`, `created_at`) VALUES
(1, 77, 15, '安捷尼桌遊', '2021-02-24 10:00:00', '3', 6, '2021-02-17 23:24:25'),
(2, 2, 60, '貓咪貓咪G3', '2021-09-06 11:00:00', '2', 3, '2021-08-30 23:30:49'),
(3, 69, 19, '桌遊地下城', '2023-01-12 13:30:00', '4', 5, '2023-01-05 20:37:07'),
(4, 22, 52, '龍窟桌遊', '2023-07-12 10:30:00', '2', 5, '2023-07-05 18:27:06'),
(5, 89, 32, '貓腳印', '2023-11-28 13:30:00', '4', 7, '2023-11-09 19:02:45'),
(6, 71, 46, 'Palette 派樂地', '2020-05-06 13:30:00', '4', 4, '2020-04-24 19:30:21'),
(7, 42, 45, '貳家桌遊店', '2023-05-07 14:30:00', '2', 8, '2021-05-06 02:07:24'),
(8, 27, 91, '陽光桌遊世界', '2021-07-30 18:00:00', '3', 3, '2021-07-23 21:31:00'),
(9, 14, 3, '桌遊侍', '2023-07-03 18:00:00', '3', 3, '2023-06-26 21:01:49'),
(10, 86, 73, '時光森林', '2022-03-03 14:00:00', '3', 4, '2022-02-24 23:55:27'),
(11, 43, 94, 'UMOOSE遊慕思桌遊', '2022-05-08 10:30:00', '2', 2, '2022-05-01 19:11:41'),
(12, 48, 49, 'AToMic 原子複合式桌遊店', '2024-01-10 13:30:00', '4', 7, '2024-01-03 23:27:33'),
(13, 7, 80, '動桌遊', '2022-04-15 14:30:00', '3', 9, '2022-04-08 20:54:10'),
(14, 25, 10, 'Open開房間桌遊餐館', '2023-02-09 10:00:00', '3', 4, '2023-02-02 22:41:32'),
(15, 36, 35, '桌遊糖果城', '2022-02-12 10:00:00', '2', 4, '2022-02-05 19:30:42'),
(16, 39, 87, '漫果子桌遊', '2022-08-12 11:00:00', '2', 5, '2022-08-05 21:47:32'),
(17, 31, 26, '桌遊老爹', '2020-06-08 13:30:00', '3', 8, '2020-06-02 00:38:36'),
(18, 80, 70, '奧特狐桌遊店', '2020-03-07 16:30:00', '1', 3, '2020-02-29 19:59:42'),
(19, 54, 62, '卡卡城', '2021-03-08 13:30:00', '4', 6, '2021-03-01 20:19:49'),
(20, 17, 9, 'DeRoot休閒空間', '2020-06-10 14:30:00', '2', 7, '2020-06-04 00:36:52'),
(21, 19, 64, '桌遊故事屋', '2023-01-16 11:00:00', '2', 7, '2023-01-09 23:37:36'),
(22, 18, 4, '漫果子桌遊主題餐廳', '2023-11-28 13:00:00', '4', 11, '2023-11-19 16:30:48'),
(23, 82, 7, '大安殿益智遊戲館', '2021-02-21 10:00:00', '3', 9, '2021-02-14 22:00:39'),
(24, 6, 23, '廢青集散地-桌遊俱樂部', '2023-05-07 13:30:00', '4', 10, '2023-05-04 20:10:45'),
(25, 67, 16, '饗玩俱樂部', '2024-01-25 18:00:00', '2', 8, '2024-01-19 00:42:54'),
(26, 70, 13, '夢桌遊', '2023-08-08 15:00:00', '1', 6, '2023-08-02 02:30:57'),
(27, 60, 54, '桌遊盒子', '2023-07-20 18:00:00', '3', 8, '2023-07-13 18:37:37'),
(28, 57, 76, '小桌弄·兒童桌遊', '2022-09-09 18:00:00', '3', 3, '2022-09-03 02:23:55'),
(29, 85, 43, '有堅桌遊店', '2020-05-24 18:00:00', '3', 6, '2020-05-17 23:29:50'),
(30, 94, 25, '萊思樂桌上遊戲', '2020-04-15 13:30:00', '4', 4, '2020-04-09 01:44:59');

-- --------------------------------------------------------

--
-- 資料表結構 `booking_escape`
--

CREATE TABLE `booking_escape` (
  `sid` int NOT NULL,
  `member_id` int DEFAULT NULL,
  `member_name` varchar(30) CHARACTER SET utf8mb3 COLLATE utf8mb3_general_ci NOT NULL,
  `mobile` varchar(15) CHARACTER SET utf8mb3 COLLATE utf8mb3_general_ci NOT NULL,
  `store_id` int DEFAULT NULL,
  `store_name` varchar(100) NOT NULL,
  `booking_date` varchar(30) CHARACTER SET utf8mb3 COLLATE utf8mb3_general_ci DEFAULT NULL,
  `booking_time` varchar(10) CHARACTER SET utf8mb3 COLLATE utf8mb3_general_ci DEFAULT NULL,
  `booking_hours` varchar(50) CHARACTER SET utf8mb3 COLLATE utf8mb3_general_ci DEFAULT NULL,
  `game_id` int DEFAULT NULL,
  `game_name` varchar(30) DEFAULT NULL,
  `player_count` int NOT NULL,
  `remark` varchar(100) CHARACTER SET utf8mb3 COLLATE utf8mb3_general_ci DEFAULT NULL,
  `created_at` timestamp NULL DEFAULT CURRENT_TIMESTAMP
) ENGINE=InnoDB DEFAULT CHARSET=utf8mb3;

--
-- 傾印資料表的資料 `booking_escape`
--

INSERT INTO `booking_escape` (`sid`, `member_id`, `member_name`, `mobile`, `store_id`, `store_name`, `booking_date`, `booking_time`, `booking_hours`, `game_id`, `game_name`, `player_count`, `remark`, `created_at`) VALUES
(1, 42, '', '', 10, '哇沙謎創意工作室', '2024-05-07', '14:00:00', '1', 1, '失落的鑰匙', 4, '', '2024-05-01 09:00:00'),
(2, 43, '', '', 62, 'LOST Taiwan密室逃脫', '2024-02-05', '16:00:00', '1.5', 2, '未知之門', 10, '', '2023-09-29 01:04:00'),
(3, 62, '', '', 2, '藍色迴廊', '2024-04-22', '18:00:00', '1', 3, '幽靈船艦', 6, '', '2023-07-22 10:00:00'),
(4, 19, '', '', 66, '4FunBase桃園狼人館', '2024-02-26', '16:00:00', '1.5', 4, '古堡迷失', 5, '', '2023-05-24 20:17:00'),
(5, 7, '', '', 7, 'Rostart邏思起子', '2024-04-06', '14:00:00', '1', 5, '末日逃出', 13, '', '2023-05-30 20:17:00'),
(6, 21, '', '', 66, 'FK工作室', '2024-05-27', '16:00:00', '1.5', 6, '末日之旅', 11, '', '2024-05-20 16:13:00'),
(7, 48, '', '', 35, 'SoGoods說故事', '2024-05-02', '18:00:00', '1', 7, '歷史遺跡', 4, '', '2023-05-25 10:00:00'),
(8, 54, '', '', 53, 'FunLock放樂工作室', '2024-04-06', '16:00:00', '1.5', 8, '時光迷宮', 8, '', '2023-08-31 02:08:00'),
(9, 50, '', '', 20, '神不在場遊戲工作室', '2024-03-10', '18:00:00', '1', 9, '神秘星船', 6, '', '2023-03-04 10:00:00'),
(10, 45, '', '', 16, 'The King Pork 頂級豬排', '2024-03-04', '16:00:00', '1', 10, '絕望監獄', 7, '', '2023-01-29 09:30:00'),
(11, 10, '', '', 84, '謎宇宙 Myverse', '2024-04-04', '12:00:00', '1.5', 11, '懸疑迷霧', 4, '', '2023-09-28 04:30:00'),
(12, 30, '', '', 41, 'Escer異世客', '2024-04-22', '12:00:00', '1.5', 12, '維多利亞鬼屋', 5, '', '2023-08-25 04:30:00'),
(13, 63, '', '', 38, '許多門', '2024-03-02', '14:00:00', '1', 13, '未來之城', 9, '', '2023-02-23 23:19:00'),
(14, 31, '', '', 36, '笨蛋工作室', '2024-02-08', '10:00:00', '1', 14, '古代秘寶', 2, '', '2024-08-01 17:40:00'),
(15, 15, '', '', 57, '獵時者密室逃脫', '2024-04-03', '12:00:00', '1', 15, '科幻太空艙', 4, '', '2023-07-27 20:40:00'),
(16, 34, '', '', 11, '芒果遊戲工作室', '2024-03-10', '12:00:00', '1', 16, '絕密深夜驚魂', 4, '', '2023-02-04 00:01:00'),
(17, 49, '', '', 45, 'Miss GAME', '2024-05-14', '16:00:00', '1.5', 17, '暗夜危機', 3, '', '2024-05-07 17:23:00'),
(18, 12, '', '', 20, '神不在場遊戲工作室', '2024-04-04', '16:00:00', '1.5', 18, '迷失森林', 10, '', '2023-08-29 23:53:00'),
(19, 13, '', '', 16, 'The King Pork 頂級豬排', '2024-03-03', '12:00:00', '1', 19, '遺忘研究', 4, '', '2024-02-26 04:30:00'),
(20, 9, '', '', 84, '謎宇宙 Myverse', '2024-03-24', '16:00:00', '1', 20, '迷霧神社', 7, '', '2023-02-18 09:30:00'),
(21, 64, '', '', 41, 'Escer異世客', '2024-03-16', '12:00:00', '1', 21, '失控實驗', 8, '', '2023-03-09 17:26:00'),
(22, 41, '', '', 38, '許多門', '2024-02-19', '16:00:00', '1.5', 22, '魔幻迷宮', 7, '', '2024-01-13 01:42:00'),
(23, 53, '', '', 36, '笨蛋工作室', '2024-03-04', '12:00:00', '1.5', 23, '末日廢墟', 5, '', '2023-09-28 04:30:00'),
(24, 14, '', '', 24, '時空裂縫', '2024-05-21', '12:00:00', '1.5', 24, '幽影密室', 5, '', '2024-05-15 04:30:00'),
(25, 37, '', '', 25, '阿比阿弟', '2024-02-01', '10:00:00', '1', 25, '時光門', 8, '', '2024-12-26 02:12:00'),
(26, 23, '', '', 26, '解謎探案社', '2024-02-25', '10:00:00', '1', 26, '異界迷宮', 13, '', '2024-08-19 02:56:00'),
(27, 58, '', '', 27, '恐懼研究室', '2024-02-10', '14:00:00', '1.5', 27, '迷途孤城', 8, '', '2023-10-03 22:32:00'),
(28, 29, '', '', 28, '冒險蠟像館', '2024-04-21', '10:00:00', '1', 28, '神秘遺跡', 12, '', '2023-07-14 21:21:00'),
(29, 51, '', '', 29, '比奇堡', '2024-05-27', '16:00:00', '1', 29, '逐夢門', 6, '', '2024-12-20 08:00:00'),
(30, 26, '', '', 30, '麥當逃', '2024-04-19', '16:00:00', '1', 30, '時空幻境', 6, '', '2024-08-13 08:00:00'),
(31, 88, '', '', 10, '哇沙謎創意工作室', '2024-04-17', '16:00:00', '1', 1, '失落的鑰匙', 6, '', '2024-08-13 08:00:00'),
(32, 63, '', '', 10, '哇沙謎創意工作室', '2024-04-22', '16:00:00', '1', 1, '失落的鑰匙', 7, '', '2024-08-13 08:00:00'),
(33, 12, '', '', 10, '哇沙謎創意工作室', '2024-04-07', '16:00:00', '1', 1, '失落的鑰匙', 4, '', '2024-08-13 08:00:00');

-- --------------------------------------------------------

--
-- 資料表結構 `comments`
--

CREATE TABLE `comments` (
  `sid` int NOT NULL,
  `member_name` varchar(15) CHARACTER SET utf8mb3 COLLATE utf8mb3_general_ci NOT NULL,
  `store_name` varchar(30) CHARACTER SET utf8mb3 COLLATE utf8mb3_general_ci NOT NULL,
  `store_type` varchar(15) CHARACTER SET utf8mb3 COLLATE utf8mb3_general_ci NOT NULL,
  `contents` varchar(200) NOT NULL,
  `rating` tinyint NOT NULL,
  `event_date` date NOT NULL,
  `created_at` timestamp NULL DEFAULT CURRENT_TIMESTAMP
) ENGINE=InnoDB DEFAULT CHARSET=utf8mb3;

--
-- 傾印資料表的資料 `comments`
--

INSERT INTO `comments` (`sid`, `member_name`, `store_name`, `store_type`, `contents`, `rating`, `event_date`, `created_at`) VALUES
(1, '教皇', '安捷尼桌遊', '桌遊', '還不錯哦', 5, '2020-09-13', '2020-09-19 08:46:09'),
(2, '月亮之星', '貓咪貓咪G3', '桌遊', '環境超棒，老闆人很好，CP值超高的一家桌遊店！', 5, '2020-03-26', '2020-04-01 02:22:10'),
(3, '雪納瑞', '桌遊地下城', '桌遊', '遊戲很多元，服務人員態度親切', 5, '2022-09-10', '2022-09-16 02:18:59'),
(4, 'Ava', 'LOST Taiwan密室逃脫', '密室逃脫', '工作人員態度很親切，解說詳細', 5, '2023-05-13', '2023-05-19 01:16:53'),
(5, '文森', '龍窟桌遊', '桌遊', '燈光美，氣氛佳，體驗感很棒~~', 5, '2021-07-14', '2021-07-20 11:04:02'),
(6, '多不利鄧', '藍色迴廊', '密室逃脫', '店員態度不好', 3, '2021-09-08', '2021-09-14 01:11:55'),
(7, '小傑', '4FunBase桃園狼人館', '密室逃脫', '適合小朋友跳來跳去玩耍', 5, '2023-01-24', '2023-01-29 16:52:50'),
(8, '繽紛之旅', '貓腳印', '桌遊', '好玩又便宜，老闆人很好~', 5, '2020-07-21', '2020-07-27 03:49:28'),
(9, '大黃', 'Rostart邏思起子', '密室逃脫', '環境乾淨、工作人員講解清晰！', 5, '2021-11-28', '2021-12-03 21:34:44'),
(10, '表妹', 'Palette 派樂地', '桌遊', '桌遊保養度不好，缺東缺西', 3, '2023-04-21', '2023-04-27 03:22:01'),
(11, '星夜精靈', 'FK工作室', '密室逃脫', '大家一起解謎超好玩～', 5, '2020-04-21', '2020-04-26 20:20:26'),
(12, '星星', 'SoGoods說故事', '密室逃脫', '遊玩空間大，好玩', 5, '2021-03-03', '2021-03-09 01:25:35'),
(13, '秋天', '貳家桌遊店', '桌遊', '遊戲樂趣，親切氛圍，適合聚會', 5, '2022-06-26', '2022-07-02 01:50:17'),
(14, '學者', '陽光桌遊世界', '桌遊', '老闆親切，場地大', 5, '2021-07-23', '2021-07-28 19:35:29'),
(15, '美夢成真', 'FunLock放樂工作室', '密室逃脫', '真的很有趣，下次還會來玩～', 5, '2020-05-07', '2020-05-13 11:40:11'),
(16, '梅森', '桌遊侍', '桌遊', '飲料不好喝', 3, '2022-09-23', '2022-09-28 23:26:01'),
(17, '小八', '時光森林', '桌遊', '跟老闆聊得很盡興，也很熱心教學', 5, '2021-08-19', '2021-08-25 09:34:07'),
(18, '阿翰', 'UMOOSE遊慕思桌遊', '桌遊', '很棒的桌遊店', 5, '2020-03-26', '2020-03-31 17:48:50'),
(19, 'Noah', 'AToMic 原子複合式桌遊店', '桌遊', '桌遊好玩 餐點還好', 4, '2020-06-12', '2020-06-18 03:50:15'),
(20, '星光小子', 'Grow Life 靠過來桌遊咖啡廳', '桌遊', '超有耐心，對兒童桌遊介紹也很專業。很棒！', 5, '2023-06-04', '2023-06-10 02:50:33'),
(21, 'Isabella', '神不在場遊戲工作室', '密室逃脫', '很燒腦跟消耗熱量！好玩', 5, '2020-10-10', '2020-10-16 02:31:29'),
(22, 'Jackson', '動桌遊', '桌遊', '環境不ok', 2, '2023-09-15', '2023-09-21 02:02:30'),
(23, '彩虹奇遇', 'Open開房間桌遊餐館', '桌遊', '店員熱情親切', 5, '2021-07-29', '2021-08-03 18:58:37'),
(24, '家家', 'The King Pork 頂級豬排', '密室逃脫', '準時到還需要等半小時', 3, '2022-03-26', '2022-04-01 02:53:29'),
(25, '君君', '桌遊糖果城', '桌遊', '店員人超好很細心講解遊戲，帶我們玩了很多款遊戲。', 5, '2022-09-28', '2022-10-04 03:37:54'),
(26, '魔術師', '漫果子桌遊', '桌遊', '多元選擇，熱忱招待，每次都愉快', 5, '2022-05-14', '2022-05-19 22:08:05'),
(27, '達利', '謎宇宙 Myverse', '密室逃脫', '服務好', 5, '2023-06-09', '2023-06-15 03:12:18'),
(28, 'Wendy', 'Escer異世客', '密室逃脫', 'cp值超高', 5, '2022-02-05', '2022-02-10 18:14:50'),
(29, '阿成', '許多門', '密室逃脫', '空間沒有很大但機關都非常用心', 5, '2020-01-17', '2020-01-23 07:40:13'),
(30, 'Tiffany', '桌遊老爹', '桌遊', '大推推推還送小禮物真棒抽卡超好玩', 5, '2021-11-17', '2021-11-23 05:57:10'),
(31, '哈士奇', '笨蛋工作室', '密室逃脫', '道具精心製作，環境空間優良', 5, '2020-10-05', '2020-10-10 20:26:03'),
(32, '小宇', '獵時者密室逃脫', '密室逃脫', '很有趣，推薦沒玩過的人可以試試', 5, '2020-07-23', '2020-07-28 16:07:13'),
(33, '阿夜', '奧特狐桌遊店', '桌遊', '價錢超級佛心啊', 5, '2022-10-13', '2022-10-19 03:32:20'),
(34, '小艾', '卡卡城', '桌遊', '老闆跟店員態度人超好大推又超便宜可以坐一整天！', 5, '2022-09-19', '2022-09-24 18:44:01'),
(35, 'Tina', 'DeRoot休閒空間', '桌遊', '這裡桌遊遊戲超多', 5, '2024-01-24', '2024-01-30 02:24:09'),
(36, 'Mia', '桌遊故事屋', '桌遊', '店員很親切 環境乾淨 推薦！', 5, '2021-11-08', '2021-11-13 20:52:58'),
(37, 'Emily', '芒果遊戲工作室', '密室逃脫', '環境整潔 店員友善 甚至有英文解說', 5, '2024-05-13', '2024-05-18 17:08:31'),
(38, '漫遊仙境', '漫果子桌遊主題餐廳', '桌遊', '店員態度愛理不理，不推。', 1, '2020-09-07', '2020-09-13 00:08:12'),
(39, '心靈之花', '大安殿益智遊戲館', '桌遊', '店內之空間採光佳，感受舒適，且位置方便', 5, '2023-09-10', '2023-09-16 01:37:43'),
(40, '青春悠揚', '廢青集散地-桌遊俱樂部', '桌遊', '非常推薦親子活動的好地方！', 5, '2021-10-20', '2021-10-25 19:48:55'),
(41, 'Aiden', '饗玩俱樂部', '桌遊', '座位空間有些狹窄', 4, '2021-06-12', '2021-06-18 02:19:46'),
(42, '知世', '夢桌遊', '桌遊', '便宜好玩的桌遊店', 5, '2020-06-17', '2020-06-23 01:27:21'),
(43, '詩意流轉', '桌遊盒子', '桌遊', 'CP值超高的唷', 5, '2021-11-25', '2021-11-30 16:19:24'),
(44, '梅川伊服', 'Miss GAME', '密室逃脫', '超級好玩 工作人員很熱心', 5, '2020-04-22', '2020-04-28 02:32:37'),
(45, 'Emma', '小桌弄·兒童桌遊', '桌遊', '在吃的方面份量有點小', 4, '2020-03-29', '2020-04-04 08:58:53'),
(46, '王哥', '有堅桌遊店', '桌遊', '知識豐富，活動多元，玩遍所有遊戲', 5, '2021-07-30', '2021-08-05 01:55:57');

-- --------------------------------------------------------

--
-- 資料表結構 `game`
--

CREATE TABLE `game` (
  `sid` int NOT NULL,
  `game_name` varchar(255) NOT NULL,
  `game_nameEG` varchar(30) CHARACTER SET utf8mb3 COLLATE utf8mb3_general_ci NOT NULL,
  `store_id` int DEFAULT NULL,
  `game_cat` varchar(255) CHARACTER SET utf8mb3 COLLATE utf8mb3_general_ci DEFAULT NULL,
  `difficulty` int NOT NULL,
  `weekdays_price` varchar(30) CHARACTER SET utf8mb3 COLLATE utf8mb3_general_ci NOT NULL,
  `holiday_price` varchar(30) CHARACTER SET utf8mb3 COLLATE utf8mb3_general_ci NOT NULL,
  `time` varchar(20) CHARACTER SET utf8mb3 COLLATE utf8mb3_general_ci NOT NULL,
  `player_count` varchar(20) CHARACTER SET utf8mb3 COLLATE utf8mb3_general_ci NOT NULL,
  `age_limit` varchar(30) CHARACTER SET utf8mb3 COLLATE utf8mb3_general_ci NOT NULL,
  `game_info` varchar(255) CHARACTER SET utf8mb3 COLLATE utf8mb3_general_ci DEFAULT NULL,
  `explainST_time` varchar(30) CHARACTER SET utf8mb3 COLLATE utf8mb3_general_ci NOT NULL,
  `explainEND_time` varchar(30) CHARACTER SET utf8mb3 COLLATE utf8mb3_general_ci NOT NULL,
  `game_pic` varchar(30) CHARACTER SET utf8mb3 COLLATE utf8mb3_general_ci NOT NULL,
  `type_pic` varchar(30) CHARACTER SET utf8mb3 COLLATE utf8mb3_general_ci NOT NULL,
  `player_pic` varchar(30) CHARACTER SET utf8mb3 COLLATE utf8mb3_general_ci NOT NULL,
  `type_content` varchar(100) CHARACTER SET utf8mb3 COLLATE utf8mb3_general_ci NOT NULL,
  `player_content` varchar(100) CHARACTER SET utf8mb3 COLLATE utf8mb3_general_ci NOT NULL,
  `notice` varchar(200) CHARACTER SET utf8mb3 COLLATE utf8mb3_general_ci NOT NULL,
  `created_at` datetime NOT NULL,
  `updated_at` datetime NOT NULL
) ENGINE=InnoDB DEFAULT CHARSET=utf8mb3;

--
-- 傾印資料表的資料 `game`
--

INSERT INTO `game` (`sid`, `game_name`, `game_nameEG`, `store_id`, `game_cat`, `difficulty`, `weekdays_price`, `holiday_price`, `time`, `player_count`, `age_limit`, `game_info`, `explainST_time`, `explainEND_time`, `game_pic`, `type_pic`, `player_pic`, `type_content`, `player_content`, `notice`, `created_at`, `updated_at`) VALUES
(1, '失落的鑰匙', 'Lost Key', 1, '益智解謎', 1, '450', '500', '60分鐘', '3-7人', '禁6歲以下', '失落的鑰匙是一款經典的密室逃脫解謎遊戲，玩家需要在規定時間內找到線索、解開謎題，最終逃出密室。本遊戲場景設定在一座神秘的廢棄城堡內，玩家需要發揮自己的智慧和觀察力，尋找隱藏的線索，找到失落的鑰匙才能成功逃脫。', '5-10分鐘', '5-10分鐘', 'game_pic_1', 'type_pic_1', 'player_pic_1', '益智解謎類\n新手體驗機關', '密室新手及中手\n喜愛益智解謎者', '請提前預約密室逃脫體驗，以確保有足夠的空間供您和您的團隊。', '2024-04-12 06:18:37', '2024-04-12 06:18:37'),
(2, '未知之門', 'Unknown Gate', 2, '益智解謎', 1, '450', '500', '60分鐘', '2-8人', '禁6歲以下', '未知之門是一款緊張刺激的密室逃脫解謎遊戲，玩家需要解開各種謎題、尋找線索，在時間限制內逃出密室。本遊戲設定在一個神秘的實驗室內，玩家需要面對未知的挑戰和危險，探索實驗室的各個角落，找到逃脫的方法。', '5-10分鐘', '5-10分鐘', 'game_pic_2', 'type_pic_2', 'player_pic_2', '益智解謎類\n新手體驗機關', '密室新手及中手\n喜愛益智解謎者', '請勿攜帶任何外部物品進入密室，以確保挑戰的公平性和安全性。', '2024-04-12 06:18:37', '2024-04-12 06:18:37'),
(3, '幽靈船艦', 'Ghost Ship', 1, '靈異恐怖', 1, '450', '500', '60分鐘', '6-10人', '禁6歲以下', '是一款刺激的密室逃脫解謎遊戲，玩家需要在一艘被詛咒的幽靈船上解開各種謎題、找到線索，逃出船艙。本遊戲場景設定在一艘陷入幽靈詛咒的海盜船上，玩家需要勇敢面對恐怖的環境，透過觀察、思考和解謎，找到逃脫的方法。', '5-10分鐘', '5-10分鐘', 'game_pic_3', 'type_pic_3', 'player_pic_3', '靈異恐怖類型', '密室新手及中手\n喜愛靈異恐怖者', '本店提供多個不同難度的密室逃脫挑戰，請選擇適合您團隊的挑戰難度。', '2024-04-12 06:18:37', '2024-04-12 06:18:37'),
(4, '古堡迷失', 'Lost Castle', 1, '神秘探險', 1, '450', '500', '60分鐘', '2-7人', '禁6歲以下', '古堡迷失是一款充滿謎題與挑戰的密室逃脫解謎遊戲，玩家需要探索一座廢棄的古堡、解開謎題、找到線索，最後逃出古堡。本遊戲場景設定在一座神秘的古老城堡內，玩家需要面對古老的詛咒和隱密的秘密，利用智慧和觀察力，成功逃離古堡。', '5-10分鐘', '5-10分鐘', 'game_pic_4', 'type_pic_4', 'player_pic_4', '偵探型密室逃脫\n注重組織能力', '密室新手及中手\n喜愛探險者', '在挑戰過程中，請隨時保持清醒並密切關注您的團隊成員。', '2024-04-12 06:18:37', '2024-04-12 06:18:37'),
(5, '末日逃出', 'Escape Apocalypse', 2, '末日生存', 1, '450', '500', '60分鐘', '4-10 人', '禁6歲以下', '末日逃出是一款緊張刺激的末世逃脫解謎遊戲，玩家需要在一個被毀滅的末日世界中找到生存的方法、解開各種謎題，逃出密室。本遊戲場景設定在一座末日廢墟中，玩家需要面對各種危險和挑戰，尋找逃生的道路。', '5-10分鐘', '5-10分鐘', 'game_pic_5', 'type_pic_5', 'player_pic_5', '著重故事理解、劇情還原\n科幻穿越元素', '密室新手及中手\n喜愛生存遊戲者', '為了您的安全，請遵守密室內的所有規定和指示。', '2024-04-12 06:18:37', '2024-04-12 06:18:37'),
(6, '末日之旅', 'Journey of Apocalypse', 2, '末日生存', 1, '450', '500', '60分鐘', '3-5 人', '禁6歲以下', '末日之旅是一款緊張刺激的末世密室逃脫解謎遊戲，玩家需要在一個被毀滅的世界中找到生存的方法、解開各種謎題，逃出密室。本遊戲場景設定在一座末日廢墟中，玩家需要面對各種危險和挑戰，尋找逃生的道路。', '5-10分鐘', '5-10分鐘', 'game_pic_6', 'type_pic_6', 'player_pic_6', '著重故事理解、劇情還原\n科幻穿越元素', '密室新手及中手\n喜愛生存遊戲者', '如有任何緊急情況，請立即向工作人員求助。', '2024-04-12 06:18:37', '2024-04-12 06:18:37'),
(7, '歷史遺跡', 'Historical Ruins', 16, '歷史懷舊', 1, '450', '500', '60分鐘', '2-8人', '禁6歲以下', '歷史遺跡是一款探索古老文明的密室逃脫解謎遊戲，玩家需要在古老的遺跡中尋找線索、解開謎題，最終逃出密室。本遊戲場景設定在一座古老文明的神秘遺址內，玩家需要通過解謎和考古，揭開文明的神秘面紗。', '5-10分鐘', '5-10分鐘', 'game_pic_7', 'type_pic_7', 'player_pic_7', '任務型密室逃脫\n注重資訊蒐集能力', '密室新手及中手\n喜愛歷史懷舊者', '挑戰過程中請不要強行打開或破壞任何裝置或道具。', '2024-04-12 06:18:37', '2024-04-12 06:18:37'),
(8, '時光迷宮', 'Time Maze', 7, '科幻未知', 1, '450', '500', '60分鐘', '2-8人', '禁6歲以下', '時光迷宮是一款穿越時空的密室逃脫解謎遊戲，玩家需要解開時空迷宮中的謎題、找到線索，最終逃出密室。本遊戲場景設定在一個充滿時空裂痕的神秘迷宮中，玩家需要穿越不同時代，解開時空之謎。', '5-10分鐘', '5-10分鐘', 'game_pic_8', 'type_pic_8', 'player_pic_8', '偵探型密室逃脫\n注重組織能力', '密室新手及中手\n喜愛科幻未知者', '請避免在挑戰過程中使用手機或其他外部通訊工具，以免影響挑戰體驗。', '2024-04-12 06:18:37', '2024-04-12 06:18:37'),
(9, '神秘星船', 'Mystery Starship', 8, '科幻未知', 1, '500', '550', '60分鐘', '2-8人', '禁6歲以下', '神秘星船是一款探索外太空的密室逃脫解謎遊戲，玩家需要在星際船艦中尋找線索、解開謎題，最終逃出密室。本遊戲場景設定在一艘神秘的外星船艦上，玩家需要面對外太空的挑戰，解開外星科技之謎。', '5-10分鐘', '5-10分鐘', 'game_pic_9', 'type_pic_9', 'player_pic_9', '著重故事理解、劇情還原\n科幻穿越元素', '密室新手及中手\n喜愛科幻未知者', '挑戰結束後，請勿洩漏任何關於挑戰內容的信息，以保持挑戰的神秘性。', '2024-04-12 06:18:37', '2024-04-12 06:18:37'),
(10, '絕望監獄', 'Desperate Prison', 14, '恐怖驚悚', 2, '500', '550', '60分鐘', '2-8人', '禁8歲以下', '絝望監獄是一款陷入絕望的密室逃脫解謎遊戲，玩家需要在監獄中尋找生存的方法、解開謎題，最終逃出密室。本遊戲場景設定在一座高牆鋼鐵監獄中，玩家需要面對囚犯的威脅和監獄的限制，尋找逃脫的道路。', '5-10分鐘', '5-10分鐘', 'game_pic_10', 'type_pic_10', 'player_pic_10', '偵探型密室逃脫\n注重組織能力', '密室新手及中手\n喜愛恐怖驚悚者', '請遵守遊戲規則並保持團隊合作，以提高挑戰成功的機會。', '2024-04-12 06:18:37', '2024-04-12 06:18:37'),
(11, '懸疑迷霧', 'Suspenseful Mist', 20, '懸疑推理', 2, '500', '550', '60分鐘', '3-7人', '禁8歲以下', '懸疑迷霧是一款充滿懸疑的密室逃脫解謎遊戲，玩家需要在迷霧籠罩的環境中尋找線索、解開謎題，最終逃出密室。本遊戲場景設定在一個神秘的迷霧小鎮中，玩家需要面對未知的危險和陰謀，揭開小鎮的真相。', '5-10分鐘', '5-10分鐘', 'game_pic_11', 'type_pic_11', 'player_pic_11', '任務型密室逃脫\n注重資訊蒐集能力', '密室新手及中手\n喜愛懸疑推理者', '挑戰結束後，請勿將任何遊戲物品帶離密室，以便下一個團隊挑戰。', '2024-04-12 06:18:37', '2024-04-12 06:18:37'),
(12, '維多利亞鬼屋', 'Victorian Haunted House', 22, '恐怖驚悚', 2, '500', '550', '60分鐘', '3-7人', '禁8歲以下', '維多利亞鬼屋是一款充滿恐怖驚悚的密室逃脫解謎遊戲，玩家需要在一座古老的鬼屋中尋找生存的方法、解開謎題，最終逃出密室。本遊戲場景設定在一座破舊的維多利亞時代建築中，玩家需要面對幽靈的恐懼，尋找生存的出路。', '5-10分鐘', '5-10分鐘', 'game_pic_12', 'type_pic_12', 'player_pic_12', '任務型密室逃脫\n注重資訊蒐集能力', '密室新手及中手\n喜愛恐怖驚悚者', '為了提供最佳的挑戰體驗，請勿攜帶飲食或飲料進入密室。', '2024-04-12 06:18:37', '2024-04-12 06:18:37'),
(13, '未來之城', 'Future City', 24, '科幻未知', 2, '500', '550', '60分鐘', '3-7人', '禁8歲以下', '未來之城是一款探索科技未來的密室逃脫解謎遊戲，玩家需要在未來科技城市中尋找線索、解開謎題，最終逃出密室。本遊戲場景設定在一個充滿高科技的未來城市中，玩家需要面對未來科技的挑戰和危機，尋找逃脫的方法。', '5-10分鐘', '5-10分鐘', 'game_pic_13', 'type_pic_13', 'player_pic_13', '著重故事理解、劇情還原\n科幻穿越元素', '密室新手及中手\n喜愛科幻未知者', '如有任何問題或建議，請隨時向工作人員反饋，我們將竭誠為您服務。', '2024-04-12 06:18:37', '2024-04-12 06:18:37'),
(14, '古代秘寶', 'Ancient Treasures', 28, '歷史懷舊', 2, '500', '550', '60分鐘', '3-7人', '禁8歲以下', '古代秘寶是一款尋找寶藏的密室逃脫解謎遊戲，玩家需要在古代文明遺跡中尋找寶藏、解開謎題，最終逃出密室。本遊戲場景設定在一座充滿古代寶藏的遺跡中，玩家需要通過探索和解謎，發現古代文明的秘密。', '5-10分鐘', '5-10分鐘', 'game_pic_14', 'type_pic_14', 'player_pic_14', '偵探型密室逃脫\n注重組織能力', '密室新手及中手\n喜愛歷史懷舊者', '請在挑戰前將手機關閉或靜音，以確保挑戰過程的專注度。', '2024-04-12 06:18:37', '2024-04-12 06:18:37'),
(15, '科幻太空艙', 'Sci-Fi Space Cabin', 29, '科幻未知', 2, '550', '600', '60分鐘', '3-7人', '禁8歲以下', '科幻太空艙是一款穿越太空的密室逃脫解謎遊戲，玩家需要在太空艙中尋找線索、解開謎題，最終逃出密室。本遊戲場景設定在一艘科幻太空艙上，玩家需要面對太空的危險和未知，尋找逃脫的方法。', '5-10分鐘', '5-10分鐘', 'game_pic_15', 'type_pic_15', 'player_pic_15', '偵探型密室逃脫\n注重組織能力', '密室新手及中手\n喜愛科幻未知者', '在挑戰過程中，請留意任何提示或線索，以幫助您解決難題。', '2024-04-12 06:18:37', '2024-04-12 06:18:37'),
(16, '絕密深夜驚魂', 'Secretive Midnight Terror', 3, '懸疑解謎', 3, '550', '600', '60分鐘', '6-10人', '禁10歲以下', '絕密深夜是一款神秘刺激的密室逃脫解謎遊戲，玩家需要在夜幕籠罩的環境中尋找線索、解開謎題，最終逃出密室。', '5-10分鐘', '5-10分鐘', 'game_pic_16', 'type_pic_16', 'player_pic_16', '偵探型密室逃脫\n注重組織能力', '厭倦鎖頭\n不愛文字閱讀', '請確保您的團隊成員身心健康，並避免在密室中使用暴力行為。', '2024-04-13 10:25:00', '2024-04-13 10:25:00'),
(17, '暗夜危機', 'Night Crisis', 4, '驚悚探險', 3, '550', '600', '60分鐘', '6-10人', '禁10歲以下', '暗夜危機是一款充滿危險的密室逃脫解謎遊戲，玩家需要在黑暗中尋找線索、解開謎題，最終逃出密室。', '5-10分鐘', '5-10分鐘', 'game_pic_17', 'type_pic_17', 'player_pic_17', '偵探型密室逃脫\n注重組織能力', '有一點密室逃脫經驗者\n喜歡自行搜索線索推動故事', '請在挑戰前核對您的預約時間，並提前到達以完成登記和準備。', '2024-04-13 10:25:00', '2024-04-13 10:25:00'),
(18, '迷失森林', 'Lost Forest', 5, '冒險尋寶', 3, '550', '600', '60分鐘', '6-10人', '禁10歲以下', '迷失森林是一款冒險刺激的密室逃脫解謎遊戲，玩家需要在叢林中尋找線索、解開謎題，最終逃出密室。', '5-10分鐘', '5-10分鐘', 'game_pic_18', 'type_pic_18', 'player_pic_18', '偵探型密室逃脫\n注重組織能力', '推理小說中毒\n密室逃脫高手', '挑戰過程中請不要強行打開或破壞任何裝置或道具。', '2024-04-13 10:25:00', '2024-04-13 10:25:00'),
(19, '遺忘研究', 'Forgotten Research', 6, '神秘科技', 4, '550', '600', '60分鐘', '6-10人', '禁10歲以下', '遺忘研究是一款神秘刺激的密室逃脫解謎遊戲，玩家需要在古老實驗室中尋找線索、解開謎題，最終逃出密室。', '10-15分鐘', '10-15分鐘', 'game_pic_19', 'type_pic_19', 'player_pic_19', '任務型密室逃脫\n注重資訊蒐集能力', '有一點密室逃脫經驗者\n喜歡自行搜索線索推動故事', '如有任何身體不適或情緒波動，請立即向工作人員求助。', '2024-04-13 10:25:00', '2024-04-13 10:25:00'),
(20, '迷霧神社', 'Mist Shrine', 7, '靈異探險', 4, '550', '600', '60分鐘', '2-7人', '禁10歲以下', '迷霧神社是一款神秘刺激的密室逃脫解謎遊戲，玩家需要在神秘神社中尋找線索、解開謎題，最終逃出密室。', '10-15分鐘', '10-15分鐘', 'game_pic_20', 'type_pic_20', 'player_pic_20', '任務型密室逃脫\n注重資訊蒐集能力', '推理小說中毒\n密室逃脫高手', '請勿在密室中攜帶任何易燃、易爆或危險品，以確保挑戰的安全性。', '2024-04-13 10:25:00', '2024-04-13 10:25:00'),
(21, '失控實驗', 'Out of Control Experiment', 8, '科幻驚悚', 4, '550', '600', '60分鐘', '2-7人', '禁10歲以下', '失控實驗是一款充滿危險的密室逃脫解謎遊戲，玩家需要在實驗室中尋找線索、解開謎題，最終逃出密室。', '10-15分鐘', '10-15分鐘', 'game_pic_21', 'type_pic_21', 'player_pic_21', '無鎖頭全機關自動化\n仰賴圖像理解及直覺動作', '推理小說中毒\n密室逃脫高手', '挑戰過程中，請勿將任何物品丟棄或擾亂挑戰場景，以免影響挑戰體驗。', '2024-04-13 10:25:00', '2024-04-13 10:25:00'),
(22, '魔幻迷宮', 'Magical Labyrinth', 9, '魔幻冒險', 4, '550', '600', '60分鐘', '2-7人', '禁10歲以下', '魔幻迷宮是一款神秘刺激的密室逃脫解謎遊戲，玩家需要在迷幻迷宮中尋找線索、解開謎題，最終逃出密室。', '10-15分鐘', '10-15分鐘', 'game_pic_22', 'type_pic_22', 'player_pic_22', '偵探型密室逃脫\n注重組織能力', '有一點密室逃脫經驗者\n喜歡自行搜索線索推動故事', '請在挑戰前仔細閱讀挑戰說明和注意事項，以免發生任何意外或誤解。', '2024-04-13 10:25:00', '2024-04-13 10:25:00'),
(23, '末日廢墟', 'Apocalypse Ruins', 10, '恐怖生存', 4, '550', '600', '60分鐘', '2-7人', '禁10歲以下', '末日廢墟是一款充滿恐怖驚悚的密室逃脫解謎遊戲，玩家需要在廢墟中尋找線索、解開謎題，最終逃出密室。', '10-15分鐘', '10-15分鐘', 'game_pic_23', 'type_pic_23', 'player_pic_23', '無鎖頭全機關自動化\n仰賴圖像理解及直覺動作', '推理小說中毒\n密室逃脫高手', '挑戰過程中，請保持冷靜和理性，避免因情緒激動而影響挑戰的進行。', '2024-04-13 10:25:00', '2024-04-13 10:25:00'),
(24, '幽影密室', 'Shadowy Chamber', 11, '恐怖懸疑', 5, '550', '600', '60分鐘', '2-7人', '禁12歲以下', '幽影密室是一款神秘刺激的密室逃脫解謎遊戲，玩家需要在幽暗密室中尋找線索、解開謎題，最終逃出密室。', '10-15分鐘', '10-15分鐘', 'game_pic_24', 'type_pic_24', 'player_pic_24', '無鎖頭全機關自動化\n仰賴圖像理解及直覺動作', '厭倦鎖頭\n不愛文字閱讀', '挑戰過程中，請密切注意您的周圍環境，以避免受傷或發生意外。', '2024-04-13 10:25:00', '2024-04-13 10:25:00'),
(25, '時光門', 'Gate of Time', 12, '科幻探險', 5, '600', '650', '60分鐘', '4-10 人', '禁12歲以下', '時光之門是一款穿越時空的密室逃脫解謎遊戲，玩家需要解開時空之門中的謎題、找到線索，最終逃出密室。', '10-15分鐘', '10-15分鐘', 'game_pic_25', 'type_pic_25', 'player_pic_25', '著重故事理解、劇情還原\n科幻穿越元素', '有一點密室逃脫經驗者\n喜歡自行搜索線索推動故事', '如有任何問題或建議，請隨時向工作人員反饋，我們將竭誠為您服務。', '2024-04-13 10:25:00', '2024-04-13 10:25:00'),
(26, '異界迷宮', 'Otherworld Maze', 13, '幻想冒險', 5, '600', '650', '60分鐘', '4-10 人', '禁12歲以下', '異界迷宮是一款神秘刺激的密室逃脫解謎遊戲，玩家需要在異界迷宮中尋找線索、解開謎題，最終逃出密室。', '10-15分鐘', '10-15分鐘', 'game_pic_26', 'type_pic_26', 'player_pic_26', '無鎖頭全機關自動化\n仰賴圖像理解及直覺動作', '推理小說中毒\n密室逃脫高手', '請避免在密室內大聲喧嘩或嘈雜，以免影響其他團隊的挑戰體驗。', '2024-04-13 10:25:00', '2024-04-13 10:25:00'),
(27, '迷途孤城', 'Lost City', 14, '孤城探險', 5, '600', '650', '90分鐘', '4-10 人', '禁12歲以下', '迷途孤城是一款神秘刺激的密室逃脫解謎遊戲，玩家需要在孤城中尋找線索、解開謎題，最終逃出密室。', '10-15分鐘', '10-15分鐘', 'game_pic_27', 'type_pic_27', 'player_pic_27', '著重故事理解、劇情還原\n科幻穿越元素', '厭倦鎖頭\n不愛文字閱讀', '挑戰過程中請不要強行打開或破壞任何裝置或道具。', '2024-04-13 10:25:00', '2024-04-13 10:25:00'),
(28, '神秘遺跡', 'Mysterious Ruins', 15, '考古探險', 5, '600', '650', '60分鐘', '4-10 人', '禁12歲以下', '神秘遺跡是一款探索古老文明的密室逃脫解謎遊戲，玩家需要在古老的遺跡中尋找線索、解開謎題，最終逃出密室。', '10-15分鐘', '10-15分鐘', 'game_pic_28', 'type_pic_28', 'player_pic_28', '無鎖頭全機關自動化\n仰賴圖像理解及直覺動作', '考古探險中毒\n密室逃脫高手', '請在挑戰結束後及時向工作人員反饋您的挑戰體驗和建議，以便我們不斷改進服務。', '2024-04-13 10:25:00', '2024-04-13 10:25:00'),
(29, '逐夢門', 'Dream Gate', 16, '夢境冒險', 5, '600', '650', '60分鐘', '4-10 人', '禁12歲以下', '逐夢之門是一款神秘刺激的密室逃脫解謎遊戲，玩家需要在夢境之門中尋找線索、解開謎題，最終逃出密室。', '10-15分鐘', '10-15分鐘', 'game_pic_29', 'type_pic_29', 'player_pic_29', '著重故事理解、劇情還原\n科幻穿越元素', '推理小說中毒\n密室逃脫高手', '為了您的安全，請遵守密室內的所有規定和指示。', '2024-04-13 10:25:00', '2024-04-13 10:25:00'),
(30, '時空幻境', 'Space-time Fantasy', 17, '時空探險', 5, '600', '650', '60分鐘', '4-10 人', '禁12歲以下', '時空幻境是一款穿越時空的密室逃脫解謎遊戲，玩家需要解開時空迷宮中的謎題、找到線索，最終逃出密室。', '10-15分鐘', '10-15分鐘', 'game_pic_30', 'type_pic_30', 'player_pic_30', '著重故事理解、劇情還原\n科幻穿越元素', '推理小說中毒\n密室逃脫高手', '請在挑戰前仔細閱讀挑戰說明和注意事項，以免發生任何意外或誤解。', '2024-04-13 10:25:00', '2024-04-13 10:25:00');

-- --------------------------------------------------------

--
-- 資料表結構 `match_desk`
--

CREATE TABLE `match_desk` (
  `md_id` int NOT NULL,
  `match_name` varchar(255) DEFAULT '匿名桌遊揪團',
  `store_id` int NOT NULL,
  `store_type` varchar(10) NOT NULL DEFAULT 'desk',
  `booking_date` date NOT NULL,
  `booking_time` varchar(255) NOT NULL,
  `player_count` int NOT NULL,
  `current_count` int NOT NULL DEFAULT '1',
  `special_request` varchar(255) DEFAULT NULL,
  `confirmed` tinyint DEFAULT NULL COMMENT '沒有成團0或空值，會在兩周後自動刪除',
  `created_at` datetime NOT NULL DEFAULT CURRENT_TIMESTAMP,
  `updated_at` datetime NOT NULL DEFAULT CURRENT_TIMESTAMP ON UPDATE CURRENT_TIMESTAMP
) ENGINE=InnoDB DEFAULT CHARSET=utf8mb3;

--
-- 傾印資料表的資料 `match_desk`
--

INSERT INTO `match_desk` (`md_id`, `match_name`, `store_id`, `store_type`, `booking_date`, `booking_time`, `player_count`, `current_count`, `special_request`, `confirmed`, `created_at`, `updated_at`) VALUES
(1, '草帽海草團', 3, 'desk', '2024-04-30', '11:00-14:00', 7, 7, '素食', NULL, '2024-04-13 08:28:35', '2024-04-19 21:43:07'),
(2, '匿名桌遊揪團', 4, 'desk', '2024-05-20', '14:00-17:00', 6, 3, NULL, NULL, '2024-04-13 08:28:35', '2024-04-13 08:28:35'),
(3, '想吃御飯團', 7, 'desk', '2024-05-08', '17:00-20:00', 8, 1, NULL, NULL, '2024-04-13 08:28:35', '2024-04-19 21:41:52'),
(4, '匿名桌遊揪團', 10, 'desk', '2024-05-12', '20:00-23:00', 8, 1, '可以攜伴參加', NULL, '2024-04-13 08:28:35', '2024-04-19 21:41:52'),
(5, '鳩團', 22, 'desk', '2024-04-30', '23:00-02:00', 5, 3, '會說英語', NULL, '2024-04-13 10:28:35', '2024-04-17 13:45:16'),
(6, '米糰', 2, 'desk', '2024-05-08', '11:00-14:00', 6, 2, '', NULL, '2024-04-13 08:28:35', '2024-04-19 21:48:40'),
(7, '番薯團', 5, 'desk', '2024-05-08', '14:00-17:00', 9, 2, '', NULL, '2024-04-10 08:28:35', '2024-04-13 08:28:35'),
(8, '來玩吧', 6, 'desk', '2024-05-12', '17:00-20:00', 7, 2, '', NULL, '2024-04-12 08:28:35', '2024-04-13 08:28:35'),
(9, '加入我們', 11, 'desk', '2024-05-10', '20:00-23:00', 6, 3, '烏挪', NULL, '2024-04-13 08:28:35', '2024-04-19 21:41:52'),
(10, '嗨嗨', 20, 'desk', '2024-05-20', '23:00-02:00', 8, 2, '', NULL, '2024-04-12 08:28:35', '2024-04-19 21:41:52'),
(11, '古代樂團', 15, 'desk', '2024-05-08', '11:00-14:00', 6, 1, '', NULL, '2024-04-11 08:28:35', '2024-04-19 21:41:52'),
(12, '快點進來', 12, 'desk', '2024-05-25', '14:00-17:00', 7, 1, '', NULL, '2024-04-14 08:28:35', '2024-04-19 21:41:52'),
(13, '拜託你來', 19, 'desk', '2024-05-29', '17:00-20:00', 8, 5, '', NULL, '2024-04-13 08:28:35', '2024-04-13 08:28:35'),
(14, '求求你來', 5, 'desk', '2024-05-30', '20:00-23:00', 9, 3, '', NULL, '2024-04-13 08:28:35', '2024-04-19 21:41:52'),
(15, 'please鳩團', 1, 'desk', '2024-04-30', '23:00-02:00', 5, 2, '會說英語', NULL, '2024-04-13 08:28:35', '2024-04-19 21:41:52'),
(16, '小米糰', 2, 'desk', '2024-05-08', '11:00-14:00', 6, 2, '', NULL, '2024-04-10 08:28:35', '2024-04-19 21:41:52'),
(17, '番薯團w', 15, 'desk', '2024-05-08', '14:00-17:00', 9, 1, '', NULL, '2024-04-13 08:28:35', '2024-04-19 21:41:52'),
(18, '來玩吧', 7, 'desk', '2024-05-12', '17:00-20:00', 7, 2, '', NULL, '2024-04-03 08:28:35', '2024-04-13 08:28:35'),
(19, '加入我們', 11, 'desk', '2024-05-10', '20:00-23:00', 6, 2, '', NULL, '2024-04-08 08:28:35', '2024-04-19 21:41:52'),
(20, '嗨嗨嗨w', 21, 'desk', '2024-05-20', '23:00-02:00', 8, 2, '飲酒', NULL, '2024-04-13 08:28:35', '2024-04-19 21:41:52'),
(21, '暴龍戰隊', 24, 'desk', '2024-05-08', '11:00-14:00', 6, 2, '', NULL, '2024-04-13 08:28:35', '2024-04-13 08:28:35'),
(22, '快點進來', 12, 'desk', '2024-05-25', '14:00-17:00', 7, 2, '', NULL, '2024-04-13 08:28:35', '2024-04-13 08:28:35'),
(23, '拜託你來', 16, 'desk', '2024-05-29', '17:00-20:00', 8, 3, '', NULL, '2024-04-13 08:28:35', '2024-04-19 21:41:52'),
(24, '求求你來', 28, 'desk', '2024-05-30', '20:00-23:00', 9, 1, '', NULL, '2024-04-10 08:28:36', '2024-04-19 21:41:52'),
(25, '斑鳩團', 17, 'desk', '2024-05-09', '23:00-02:00', 5, 2, '寧靜玩家', NULL, '2024-04-13 08:28:36', '2024-04-13 08:28:35'),
(26, '玄米糰', 8, 'desk', '2024-05-08', '11:00-14:00', 6, 3, '', NULL, '2024-04-03 08:28:36', '2024-04-13 08:28:35'),
(27, '番薯團wwq', 13, 'desk', '2024-05-08', '14:00-17:00', 9, 2, '', NULL, '2024-04-08 08:28:36', '2024-04-13 08:28:35'),
(28, '來玩吧', 7, 'desk', '2024-05-12', '17:00-20:00', 7, 1, '', NULL, '2024-04-13 08:28:36', '2024-04-19 21:41:52'),
(29, '加入我們', 11, 'desk', '2024-05-10', '20:00-23:00', 6, 4, '', NULL, '2024-04-13 08:28:35', '2024-04-19 21:41:52'),
(30, '嗨嗨', 30, 'desk', '2024-05-20', '23:00-02:00', 8, 3, '', NULL, '2024-04-13 08:28:35', '2024-04-19 22:03:12'),
(31, '匿名桌遊揪團', 6, 'desk', '2024-05-09', '14:00-17:00', 8, 2, NULL, NULL, '2024-04-15 15:55:14', '2024-04-19 21:49:42'),
(32, '匿名桌遊揪團', 18, 'desk', '2024-05-16', '11:00-14:00', 6, 1, NULL, NULL, '2024-04-15 15:57:00', '2024-04-15 15:57:00'),
(33, '柳丁汁', 2, 'desk', '2024-05-02', '23:00-02:00', 6, 1, '蘋果先不要', NULL, '2024-04-16 09:51:31', '2024-04-16 09:51:31'),
(34, 'USAluv', 1, 'desk', '2024-05-11', '20:00-23:00', 7, 1, '', NULL, '2024-04-16 23:27:00', '2024-04-19 16:06:44'),
(35, '兄弟你好香', 2, 'desk', '2024-05-15', '23:00-02:00', 6, 2, '', NULL, '2024-04-17 11:19:17', '2024-04-19 23:28:15'),
(38, '一起來玩吧', 9, 'desk', '2024-05-17', '14:00-17:00', 6, 2, NULL, NULL, '2024-04-17 13:22:07', '2024-04-23 14:00:52'),
(39, '我愛黎明', 3, 'desk', '2024-05-30', '17:00-20:00', 8, 4, '', NULL, '2024-04-17 13:38:28', '2024-04-23 14:02:39'),
(40, '楓之谷蓋喝剩', 19, 'desk', '2024-05-17', '14:00-17:00', 6, 4, NULL, NULL, '2024-04-17 14:03:28', '2024-04-20 09:51:28'),
(41, '亞特蘭提斯', 3, 'desk', '2024-05-11', '20:00-23:00', 6, 4, '', NULL, '2024-04-19 15:55:55', '2024-04-23 14:01:11'),
(42, '測試」', 3, 'desk', '2024-05-30', '14:00-17:00', 6, 2, '', NULL, '2024-04-19 23:33:23', '2024-04-20 09:51:14'),
(43, '團團圓圓', 3, 'desk', '2024-05-25', '20:00-23:00', 8, 2, '', NULL, '2024-04-20 09:52:06', '2024-04-23 14:01:00'),
(44, '想要玩狼人殺', 12, 'desk', '2024-05-08', '17:00-20:00', 8, 2, '', NULL, '2024-04-23 14:02:17', '2024-04-23 14:03:00');

-- --------------------------------------------------------

--
-- 資料表結構 `match_desk_member`
--

CREATE TABLE `match_desk_member` (
  `mdm_id` int NOT NULL,
  `member_id` int NOT NULL,
  `match_desk_id` int NOT NULL,
  `created_at` timestamp NOT NULL DEFAULT CURRENT_TIMESTAMP
) ENGINE=InnoDB DEFAULT CHARSET=utf8mb3;

--
-- 傾印資料表的資料 `match_desk_member`
--

INSERT INTO `match_desk_member` (`mdm_id`, `member_id`, `match_desk_id`, `created_at`) VALUES
(1, 5, 1, '2024-04-13 00:20:35'),
(2, 11, 1, '2024-04-13 00:28:35'),
(3, 15, 1, '2024-04-13 00:28:35'),
(4, 3, 1, '2024-04-13 00:28:35'),
(5, 18, 1, '2024-04-13 02:28:35'),
(6, 1, 2, '2024-04-13 00:24:35'),
(7, 3, 2, '2024-04-10 00:28:35'),
(9, 21, 3, '2024-04-13 00:25:35'),
(12, 16, 4, '2024-04-14 00:28:35'),
(13, 19, 5, '2024-04-13 00:18:35'),
(14, 14, 5, '2024-04-13 00:28:35'),
(15, 3, 5, '2024-04-13 00:28:35'),
(16, 10, 6, '2024-04-10 00:08:35'),
(19, 7, 7, '2024-04-08 00:28:35'),
(20, 18, 7, '2024-04-13 00:28:35'),
(21, 17, 8, '2024-04-13 00:18:35'),
(22, 20, 8, '2024-04-13 00:28:35'),
(23, 2, 9, '2024-04-13 00:18:35'),
(24, 9, 9, '2024-04-10 00:28:36'),
(27, 12, 9, '2024-04-08 00:28:36'),
(29, 13, 10, '2024-04-13 00:28:35'),
(30, 4, 10, '2024-04-13 00:28:35'),
(31, 8, 11, '2024-04-13 00:18:35'),
(33, 6, 12, '2024-04-13 00:18:35'),
(35, 21, 13, '2024-04-13 02:18:35'),
(36, 1, 13, '2024-04-13 00:28:35'),
(37, 16, 13, '2024-04-10 00:28:35'),
(38, 9, 13, '2024-04-12 00:28:35'),
(39, 4, 13, '2024-04-13 00:28:35'),
(40, 21, 14, '2024-04-12 00:18:35'),
(41, 20, 14, '2024-04-11 00:28:35'),
(44, 2, 15, '2024-04-13 00:28:35'),
(46, 19, 16, '2024-04-10 00:28:35'),
(47, 5, 16, '2024-04-13 00:28:35'),
(48, 19, 17, '2024-04-03 00:08:35'),
(50, 8, 18, '2024-04-13 00:18:35'),
(51, 12, 18, '2024-04-13 00:28:35'),
(52, 11, 19, '2024-04-13 00:18:35'),
(53, 6, 19, '2024-04-13 00:28:35'),
(58, 15, 20, '2024-04-13 00:28:36'),
(60, 10, 20, '2024-04-13 00:28:35'),
(61, 7, 21, '2024-04-13 00:18:35'),
(62, 14, 21, '2024-04-13 00:28:35'),
(63, 13, 22, '2024-04-13 00:08:35'),
(64, 5, 22, '2024-04-13 00:28:35'),
(67, 16, 23, '2024-04-10 00:28:35'),
(68, 19, 23, '2024-04-12 00:28:35'),
(69, 14, 23, '2024-04-13 00:28:35'),
(70, 10, 24, '2024-04-12 00:08:35'),
(73, 7, 25, '2024-04-13 00:18:35'),
(74, 11, 25, '2024-04-13 00:28:35'),
(75, 18, 26, '2024-04-13 00:18:35'),
(76, 17, 26, '2024-04-10 00:28:35'),
(77, 20, 26, '2024-04-13 00:28:35'),
(78, 2, 27, '2024-04-03 00:08:35'),
(79, 9, 27, '2024-04-08 00:28:35'),
(81, 12, 28, '2024-04-13 00:28:35'),
(83, 13, 29, '2024-04-13 00:28:35'),
(84, 15, 29, '2024-04-10 00:28:36'),
(85, 4, 29, '2024-04-13 00:28:36'),
(86, 8, 29, '2024-04-03 00:28:36'),
(88, 6, 30, '2024-04-13 00:28:36'),
(90, 3, 33, '2024-04-16 09:18:12'),
(92, 21, 1, '2024-04-16 15:28:32'),
(94, 14, 34, '2024-04-17 02:40:38'),
(95, 11, 31, '2024-04-17 02:40:56'),
(96, 4, 35, '2024-04-17 03:21:28'),
(97, 5, 38, '2024-04-17 05:22:07'),
(98, 5, 39, '2024-04-17 05:38:28'),
(99, 17, 40, '2024-04-17 06:03:28'),
(100, 17, 41, '2024-04-19 07:55:55'),
(101, 13, 15, '2024-04-19 08:06:44'),
(102, 13, 30, '2024-04-19 08:07:58'),
(103, 13, 41, '2024-04-19 08:10:30'),
(104, 13, 14, '2024-04-19 08:12:29'),
(105, 13, 40, '2024-04-19 10:57:24'),
(106, 13, 39, '2024-04-19 10:58:15'),
(107, 9, 2, '2024-04-19 13:41:52'),
(108, 9, 1, '2024-04-19 13:43:07'),
(109, 9, 6, '2024-04-19 13:48:40'),
(110, 9, 31, '2024-04-19 13:49:42'),
(111, 4, 32, '2024-04-19 13:58:00'),
(112, 9, 30, '2024-04-19 14:03:12'),
(113, 9, 40, '2024-04-19 14:04:29'),
(114, 9, 35, '2024-04-19 14:05:52'),
(115, 17, 42, '2024-04-19 15:33:23'),
(116, 16, 42, '2024-04-20 01:51:14'),
(117, 16, 40, '2024-04-20 01:51:28'),
(118, 16, 43, '2024-04-20 01:52:06'),
(119, 16, 41, '2024-04-23 05:52:32'),
(120, 16, 39, '2024-04-23 05:52:50'),
(121, 8, 38, '2024-04-23 06:00:52'),
(122, 8, 43, '2024-04-23 06:01:00'),
(123, 8, 41, '2024-04-23 06:01:11'),
(124, 11, 44, '2024-04-23 06:02:17'),
(125, 11, 39, '2024-04-23 06:02:39'),
(126, 7, 44, '2024-04-23 06:03:00');

-- --------------------------------------------------------

--
-- 資料表結構 `match_escape`
--

CREATE TABLE `match_escape` (
  `me_id` int NOT NULL,
  `match_name` varchar(255) NOT NULL DEFAULT '匿名逃脫團',
  `store_id` int NOT NULL,
  `store_type` varchar(10) NOT NULL DEFAULT 'escape',
  `game_id` int NOT NULL,
  `booking_date` date NOT NULL,
  `booking_time` varchar(255) NOT NULL,
  `player_count` int NOT NULL,
  `current_count` int NOT NULL,
  `special_request` varchar(255) DEFAULT NULL,
  `confirmed` tinyint DEFAULT NULL COMMENT '沒有成團0或空值，會在兩周後自動刪除',
  `created_at` datetime NOT NULL,
  `updated_at` datetime NOT NULL
) ENGINE=InnoDB DEFAULT CHARSET=utf8mb3;

--
-- 傾印資料表的資料 `match_escape`
--

INSERT INTO `match_escape` (`me_id`, `match_name`, `store_id`, `store_type`, `game_id`, `booking_date`, `booking_time`, `player_count`, `current_count`, `special_request`, `confirmed`, `created_at`, `updated_at`) VALUES
(1, '奔跑草帽海草團', 3, 'escape', 16, '2024-04-30', '14:00-15:00', 7, 5, '膽小勿試', NULL, '2024-04-13 08:28:35', '2024-04-13 08:28:35'),
(2, '匿名桌遊揪團', 4, 'escape', 17, '2024-05-20', '18:00-19:00', 6, 3, NULL, NULL, '2024-04-13 08:28:35', '2024-04-13 08:28:35'),
(3, '想吃御飯團', 29, 'escape', 15, '2024-05-08', '20:00-21:00', 8, 2, NULL, NULL, '2024-04-13 08:28:35', '2024-04-13 08:28:35'),
(4, '匿名桌遊揪團', 10, 'escape', 23, '2024-05-12', '14:00-15:00', 8, 2, '可以攜伴參加', NULL, '2024-04-13 08:28:35', '2024-04-13 08:28:35'),
(5, '冒險鳩團', 22, 'escape', 12, '2024-04-30', '20:00-21:00', 5, 2, '會說英語', NULL, '2024-04-13 10:28:35', '2024-04-13 08:28:35'),
(6, '奔跑米糰', 2, 'escape', 5, '2024-05-08', '10:00-11:00', 6, 3, '', NULL, '2024-04-13 08:28:35', '2024-04-13 08:28:35'),
(7, '番薯團', 5, 'escape', 18, '2024-05-08', '14:00-15:00', 9, 2, '', NULL, '2024-04-10 08:28:35', '2024-04-13 08:28:35'),
(8, '來玩吧', 6, 'escape', 19, '2024-05-12', '18:00-19:00', 7, 2, '', NULL, '2024-04-12 08:28:35', '2024-04-13 08:28:35'),
(9, '加入我們', 11, 'escape', 24, '2024-05-10', '16:00-17:00', 6, 5, '烏挪', NULL, '2024-04-13 08:28:35', '2024-04-13 08:28:35'),
(10, '冒險嗨嗨', 20, 'escape', 11, '2024-05-20', '16:00-17:00', 8, 3, '', NULL, '2024-04-12 08:28:35', '2024-04-13 08:28:35'),
(11, '古代樂團', 9, 'escape', 22, '2024-05-08', '20:00-21:00', 6, 2, '', NULL, '2024-04-11 08:28:35', '2024-04-13 08:28:35'),
(12, '快點進來', 12, 'escape', 25, '2024-05-25', '20:00-21:00', 7, 2, '我好害怕快陪我', NULL, '2024-04-14 08:28:35', '2024-04-13 08:28:35'),
(13, '拜託你來', 14, 'escape', 10, '2024-05-29', '20:00-21:00', 8, 5, '', NULL, '2024-04-13 08:28:35', '2024-04-13 08:28:35'),
(14, '求求你來', 8, 'escape', 19, '2024-05-30', '16:00-17:00', 9, 3, '', NULL, '2024-04-13 08:28:35', '2024-04-13 08:28:35'),
(15, 'please鳩團', 1, 'escape', 2, '2024-04-30', '10:00-11:00', 5, 2, '', NULL, '2024-04-13 08:28:35', '2024-04-13 08:28:35'),
(16, '奔跑小米糰', 2, 'escape', 2, '2024-05-08', '14:00-15:00', 6, 3, '', NULL, '2024-04-10 08:28:35', '2024-04-13 08:28:35'),
(17, '番薯團w', 15, 'escape', 28, '2024-05-08', '10:00-11:00', 9, 2, '', NULL, '2024-04-13 08:28:35', '2024-04-13 08:28:35'),
(18, '冒險來玩吧', 17, 'escape', 30, '2024-05-12', '14:00-15:00', 7, 2, '不要對我尖叫', NULL, '2024-04-03 08:28:35', '2024-04-13 08:28:35'),
(19, '加入我們', 11, 'escape', 24, '2024-05-10', '18:00-19:00', 6, 5, '', NULL, '2024-04-08 08:28:35', '2024-04-13 08:28:35'),
(20, '嗨嗨嗨w', 16, 'escape', 29, '2024-05-20', '18:00-19:00', 8, 3, '', NULL, '2024-04-13 08:28:35', '2024-04-13 08:28:35'),
(21, '暴龍戰隊', 24, 'escape', 13, '2024-05-08', '16:00-17:00', 6, 2, '', NULL, '2024-04-13 08:28:35', '2024-04-13 08:28:35'),
(22, '給我近來', 12, 'escape', 25, '2024-05-22', '16:00-17:00', 7, 2, '', NULL, '2024-04-13 08:28:35', '2024-04-13 08:28:35'),
(23, '拜託你來', 16, 'escape', 7, '2024-05-29', '16:00-17:00', 8, 5, '', NULL, '2024-04-13 08:28:35', '2024-04-13 08:28:35'),
(24, '求求你來', 28, 'escape', 14, '2024-05-30', '10:00-11:00', 9, 3, '', NULL, '2024-04-10 08:28:36', '2024-04-13 08:28:35'),
(25, '奔跑斑鳩團', 17, 'escape', 30, '2024-05-09', '18:00-19:00', 5, 2, '請來玩', NULL, '2024-04-13 08:28:36', '2024-04-13 08:28:35'),
(26, '玄米法師團', 1, 'escape', 4, '2024-05-08', '18:00-19:00', 6, 3, '', NULL, '2024-04-03 08:28:36', '2024-04-13 08:28:35'),
(27, '番薯團wwq', 13, 'escape', 26, '2024-05-08', '18:00-19:00', 9, 2, '', NULL, '2024-04-08 08:28:36', '2024-04-13 08:28:35'),
(28, '來玩吧', 2, 'escape', 6, '2024-05-12', '16:00-17:00', 7, 2, '', NULL, '2024-04-13 08:28:36', '2024-04-13 08:28:35'),
(29, '加入我們', 5, 'escape', 18, '2024-05-10', '20:00-21:00', 6, 5, '', NULL, '2024-04-13 08:28:35', '2024-04-13 08:28:35'),
(30, '嗨嗨', 7, 'escape', 20, '2024-05-20', '16:00-17:00', 8, 3, '', NULL, '2024-04-13 08:28:35', '2024-04-13 08:28:35');

-- --------------------------------------------------------

--
-- 資料表結構 `match_escape_member`
--

CREATE TABLE `match_escape_member` (
  `id` int NOT NULL,
  `member_id` int NOT NULL,
  `match_escape_id` int NOT NULL,
  `created_at` timestamp NOT NULL DEFAULT CURRENT_TIMESTAMP
) ENGINE=InnoDB DEFAULT CHARSET=utf8mb3;

--
-- 傾印資料表的資料 `match_escape_member`
--

INSERT INTO `match_escape_member` (`id`, `member_id`, `match_escape_id`, `created_at`) VALUES
(1, 13, 1, '2024-04-13 00:20:35'),
(2, 17, 1, '2024-04-13 00:28:35'),
(3, 5, 1, '2024-04-13 00:28:35'),
(4, 20, 1, '2024-04-13 00:28:35'),
(5, 18, 1, '2024-04-13 02:28:35'),
(6, 2, 2, '2024-04-13 00:24:35'),
(7, 12, 2, '2024-04-10 00:28:35'),
(8, 4, 2, '2024-04-12 00:28:35'),
(9, 10, 3, '2024-04-13 00:25:35'),
(10, 6, 3, '2024-04-12 00:28:35'),
(11, 11, 4, '2024-04-11 00:21:35'),
(12, 3, 4, '2024-04-14 00:28:35'),
(13, 19, 5, '2024-04-13 00:18:35'),
(14, 8, 5, '2024-04-13 00:28:35'),
(15, 7, 5, '2024-04-13 00:28:35'),
(16, 1, 6, '2024-04-10 00:08:35'),
(17, 9, 6, '2024-04-13 00:28:35'),
(18, 16, 6, '2024-04-03 00:28:35'),
(19, 14, 7, '2024-04-08 00:28:35'),
(20, 15, 7, '2024-04-13 00:28:35'),
(21, 20, 8, '2024-04-13 00:18:35'),
(22, 13, 8, '2024-04-13 00:28:35'),
(23, 2, 9, '2024-04-13 00:18:35'),
(24, 19, 9, '2024-04-10 00:28:36'),
(25, 15, 9, '2024-04-13 00:28:36'),
(26, 8, 9, '2024-04-03 00:28:36'),
(27, 4, 9, '2024-04-08 00:28:36'),
(28, 9, 10, '2024-04-13 00:18:36'),
(29, 1, 10, '2024-04-13 00:28:35'),
(30, 18, 10, '2024-04-13 00:28:35'),
(31, 14, 11, '2024-04-13 00:18:35'),
(32, 10, 11, '2024-04-13 00:28:35'),
(33, 6, 12, '2024-04-13 00:18:35'),
(34, 3, 12, '2024-04-13 00:28:35'),
(35, 11, 13, '2024-04-13 02:18:35'),
(36, 16, 13, '2024-04-13 00:28:35'),
(37, 17, 13, '2024-04-10 00:28:35'),
(38, 7, 13, '2024-04-12 00:28:35'),
(39, 12, 13, '2024-04-13 00:28:35'),
(40, 5, 14, '2024-04-12 00:18:35'),
(41, 13, 14, '2024-04-11 00:28:35'),
(42, 17, 14, '2024-04-14 00:28:35'),
(43, 5, 15, '2024-04-13 00:18:35'),
(44, 20, 15, '2024-04-13 00:28:35'),
(45, 18, 16, '2024-04-13 00:21:35'),
(46, 2, 16, '2024-04-10 00:28:35'),
(47, 12, 16, '2024-04-13 00:28:35'),
(48, 4, 17, '2024-04-03 00:08:35'),
(49, 10, 17, '2024-04-08 00:28:35'),
(50, 6, 18, '2024-04-13 00:18:35'),
(51, 11, 18, '2024-04-13 00:28:35'),
(52, 3, 19, '2024-04-13 00:18:35'),
(53, 19, 19, '2024-04-13 00:28:35'),
(54, 8, 19, '2024-04-10 00:28:36'),
(55, 7, 19, '2024-04-13 00:28:36'),
(56, 1, 19, '2024-04-03 00:28:36'),
(57, 9, 20, '2024-04-08 00:08:36'),
(58, 16, 20, '2024-04-13 00:28:36'),
(59, 14, 20, '2024-04-13 00:28:35'),
(60, 15, 20, '2024-04-13 00:28:35'),
(61, 20, 21, '2024-04-13 00:18:35'),
(62, 13, 21, '2024-04-13 00:28:35'),
(63, 2, 22, '2024-04-13 00:08:35'),
(64, 19, 22, '2024-04-13 00:28:35'),
(65, 15, 23, '2024-04-12 23:18:35'),
(66, 8, 23, '2024-04-13 00:28:35'),
(67, 4, 23, '2024-04-10 00:28:35'),
(68, 9, 23, '2024-04-12 00:28:35'),
(69, 1, 23, '2024-04-13 00:28:35'),
(70, 18, 24, '2024-04-12 00:08:35'),
(71, 14, 24, '2024-04-11 00:18:35'),
(72, 10, 24, '2024-04-14 00:28:35'),
(73, 6, 25, '2024-04-13 00:18:35'),
(74, 3, 25, '2024-04-13 00:28:35'),
(75, 11, 26, '2024-04-13 00:18:35'),
(76, 16, 26, '2024-04-10 00:28:35'),
(77, 17, 26, '2024-04-13 00:28:35'),
(78, 7, 27, '2024-04-03 00:08:35'),
(79, 12, 27, '2024-04-08 00:28:35'),
(80, 5, 28, '2024-04-13 00:08:35'),
(81, 13, 28, '2024-04-13 00:28:35'),
(82, 17, 29, '2024-04-13 00:08:35'),
(83, 5, 29, '2024-04-13 00:28:35'),
(84, 20, 29, '2024-04-10 00:28:36'),
(85, 18, 29, '2024-04-13 00:28:36'),
(86, 2, 29, '2024-04-03 00:28:36'),
(87, 12, 30, '2024-04-08 00:08:36'),
(88, 4, 30, '2024-04-13 00:28:36'),
(89, 10, 30, '2024-04-13 00:28:35');

-- --------------------------------------------------------

--
-- 資料表結構 `member`
--

CREATE TABLE `member` (
  `id` int NOT NULL,
  `username` varchar(255) NOT NULL,
  `nickname` varchar(255) DEFAULT NULL,
  `mobile` varchar(255) DEFAULT NULL,
  `password` varchar(255) DEFAULT NULL,
  `birthday` date DEFAULT NULL,
  `email` varchar(255) DEFAULT NULL,
  `gender` text NOT NULL,
  `address` varchar(255) DEFAULT NULL,
  `tag_id` tinyint DEFAULT NULL,
  `created_at` timestamp NOT NULL DEFAULT CURRENT_TIMESTAMP ON UPDATE CURRENT_TIMESTAMP,
  `updated_at` timestamp NOT NULL DEFAULT CURRENT_TIMESTAMP ON UPDATE CURRENT_TIMESTAMP
) ENGINE=InnoDB DEFAULT CHARSET=utf8mb3;

--
-- 傾印資料表的資料 `member`
--

INSERT INTO `member` (`id`, `username`, `nickname`, `mobile`, `password`, `birthday`, `email`, `gender`, `address`, `tag_id`, `created_at`, `updated_at`) VALUES
(1, '王小明', '小明', '0987654321', '$2y$10$6R/CH9TavH.hy.uyVBGNXO6FKK15sEgtZ2qF17kSo9oQdj7mRjBa.', '1990-05-20', 'wangxiaoming@example.com', '男', '台北市信義區忠孝東路五段123號', 3, '2024-04-17 02:51:51', '2024-04-17 02:51:51'),
(2, '張大雄', '大雄', '0923456789', '$2b$10$hU1kqJURbIFdRT47zzkdruzFiA83gUn1UxSP.HpWlalORH8LOGW8u', '1988-12-10', 'zhangdaxiong@example.com', '男', '台中市西屯區惠中路三段789號', 1, '2024-04-17 02:52:00', '2024-04-17 02:52:00'),
(3, '陳美麗', '美麗', '0912345678', '$2b$10$t7aE/mp8QYQthztZhSAOM.ZLK8yX.qTGUx3LwnkFth5eAfx5cu3KC', '1985-09-15', 'chenmeili@example.com', '女', '新北市板橋區文化路二段456號', 5, '2024-04-17 02:52:12', '2024-04-17 02:52:12'),
(4, '林小芬', '小芬', '0934567890', '$2b$10$lCFYPnUm.VV3r4KBVzmFxe0qS.zo0U3OVz5AGCfQU3QRFs0Z493Ma', '1992-07-25', 'linxiaofen@example.com', '女', '高雄市前鎮區中山三路一段234號', 4, '2024-04-17 02:52:28', '2024-04-17 02:52:28'),
(5, '吳政宏', '政宏', '0967890123', '$2b$10$gq1DAVARVy0Ld5pvJ6o8XOgrn2bnbVjUyFLbgLVVkehZNICGMloQO', '1979-11-30', 'wuzhenghong@example.com', '男', '基隆市中正區和平路四段678號', 6, '2024-04-17 02:52:33', '2024-04-17 02:52:33'),
(6, '黃美玲', '美玲', '0956789012', '$2b$10$R02IOXPwayQbA6MJ4KSCZ.qPIyDtF5fGN8.jG2Rkk9Y935Rsdu7/q', '1983-03-05', 'huangmeiling@example.com', '女', '台南市東區自由路一段567號', 2, '2024-04-17 02:52:38', '2024-04-17 02:52:38'),
(7, '蔡美娟', '美娟', '0978901234', '$2b$10$uLGmZVkTsWs0cvSuO2g7g.lcmytnVyUSDTOcW4fnOkZcZcNleUa9y', '1995-08-18', 'caimeijuan@example.com', '女', '桃園市中壢區龍潭路五段789號', 1, '2024-04-17 02:52:43', '2024-04-17 02:52:43'),
(8, '許志明', '志明', '0989012345', '$2b$10$Ifmltv/tywRfhTXpXFTA1.012ObXphDbniqEz5pAlO2jqNTelT0Fy', '1986-04-22', 'xuzhiming@example.com', '男', '新竹市東區關新五路六段890號', 5, '2024-04-17 02:52:48', '2024-04-17 02:52:48'),
(9, '鄭惠文', '惠文', '0912345678', '$2b$10$gSVDuFXbZrDnzpEu4xIs4.FpHMQfWTtOdqnDiJ.pCNqxQblo8Y.3y', '1990-09-03', 'zhenghuiwen@example.com', '女', '苗栗縣頭份市中山路七段1234號', 3, '2024-04-17 02:52:52', '2024-04-17 02:52:52'),
(10, '邱雅婷', '雅婷', '0923456789', '$2b$10$.Hinrgbj98n0NxDnYkHKzO3mHNV513QMoo0abBjX5GrBaz9UN9faS', '1987-12-15', 'qiuyating@example.com', '女', '彰化縣彰化市中山路八段5678號', 2, '2024-04-17 02:52:57', '2024-04-17 02:52:57'),
(11, '鄭文彬', '文彬', '0934567890', '$2b$10$dMmiya9JOiG0EVVHZFYr4ufv4.8BFrD1N/JBo9DLC5ZIVcikeVrR2', '1984-06-20', 'zhengwenbin@example.com', '男', '南投縣南投市中興路九段2345號', 6, '2024-04-17 02:53:01', '2024-04-17 02:53:01'),
(12, '蕭雅琪', '雅琪', '0956789012', '$2b$10$j4poHzdZnwilWdiL.g830uFJ8buIzLeZL7zXtDVzWw34QE75HFvza', '1993-05-08', 'xiaoyaqi@example.com', '女', '新竹市東區中正路一段6789號', 4, '2024-04-17 02:53:09', '2024-04-17 02:53:09'),
(13, '劉大偉', '大偉', '0967890123', '$2b$10$1z/tfG7wJwfspQIuB6XhD..EdMdDWMYsVhtXK51/qMYJzdwQtzaiy', '1980-10-12', 'liudawei@example.com', '男', '嘉義市東區文化路二段8901號', 1, '2024-04-17 02:53:14', '2024-04-17 02:53:14'),
(14, '林小君', '小君', '0978901234', '$2b$10$9rJv5nVTop0oeb0bpn09K.QHSzCciegsqz6w20C/i0C36GKgNrYnK', '1996-03-25', 'linxiaojun@example.com', '女', '屏東縣屏東市中山路十段2345號', 5, '2024-04-17 02:53:24', '2024-04-17 02:53:24'),
(15, '吳大達', '大達', '0989012345', '$2b$10$zAmo2A.407TjrLuD.yiGIek4LS5dlupSJMJGyczM1QUxmptXoApwa', '1982-11-08', 'wudadada@example.com', '男', '宜蘭縣宜蘭市民族路一段3456號', 2, '2024-04-17 02:53:35', '2024-04-17 02:53:35'),
(16, '何小文', '小文', '0912345678', '$2b$10$Uy/sCaqFKmwXOfbMnC.WOejzeymYVLFYaIdsJCfw32Qlx04SEDcp2', '1991-07-20', 'hexiaowen@example.com', '女', '花蓮縣花蓮市中山路二段7890號', 6, '2024-04-17 02:53:38', '2024-04-17 02:53:38'),
(17, '吳大政', '大政', '0923456789', '$2b$10$b/RKczQC5dk.HSbc8iFNQ.zEDxvBIjVSMHrpLitfee3EWlVfsXyz2', '1989-02-05', 'wudazheng@example.com', '男', '澎湖縣馬公市中正路三段12345號', 3, '2024-04-17 02:53:42', '2024-04-17 02:53:42'),
(18, '林小玲', '小玲', '0934567890', '$2b$10$V3pw7vPhzYGD/Ota8rzD7eEhXUYrl1v2lowvCiptj4xcbnqsQ8JAi', '1994-09-18', 'linxiaoling@example.com', '女', '金門縣金城鎮中山路四段67890號', 1, '2024-04-17 02:53:46', '2024-04-17 02:53:46'),
(19, '洪大翰', '大翰', '0956789012', '$2b$10$x4WlqU9mHz6CNX5m5Kd3NOMy.KUyfk755v8OE2VPaeAJpT06iKFjm', '1981-04-30', 'hongdahan@example.com', '男', '連江縣南竿鄉中正路五段12345號', 4, '2024-04-17 02:53:51', '2024-04-17 02:53:51'),
(20, '翁小慧', '小慧', '0967890123', '$2b$10$xvvCSujVj6/KycKcV4Rtfu9GT2BbLWo7vRZI.tTWCSyklzBGZZFTO', '1985-12-15', 'wengxiaohui@example.com', '女', '東沙群島東沙島村中山路六段67890號', 2, '2024-04-17 02:53:57', '2024-04-17 02:53:57'),
(21, 'qq', '', '0911223344', 'a123456', NULL, 'qq@example.com', '女', '高雄市', 1, '2024-04-17 02:54:03', '2024-04-17 02:54:03');

-- --------------------------------------------------------

--
-- 資料表結構 `products`
--

CREATE TABLE `products` (
  `id` int NOT NULL,
  `name` varchar(100) NOT NULL,
  `price` int NOT NULL,
  `image` varchar(255) NOT NULL
) ENGINE=InnoDB DEFAULT CHARSET=utf8mb3;

--
-- 傾印資料表的資料 `products`
--

INSERT INTO `products` (`id`, `name`, `price`, `image`) VALUES
(1, '醜娃娃:八寶的餅乾', 351, '/images/product/list/p1.webp'),
(2, '實話實說2 ', 390, '/images/product/list/p2.webp'),
(3, 'Turing Machine', 1190, '/images/product/list/p3.webp'),
(4, '璀璨寶石 Splendor', 1400, '/images/product/list/p4.webp'),
(5, '甜點大胃王', 465, '/images/product/list/p5.webp'),
(6, '狐作非為 Outfoxed', 702, '/images/product/list/p6.webp'),
(7, '迴轉壽司 Sushi Go! ', 351, '/images/product/list/p7.webp'),
(8, '餅乾大戰', 450, '/images/product/list/p8.webp'),
(9, '醬醬三明治', 450, '/images/product/list/p9.webp'),
(10, '動物對對碰', 490, '/images/product/list/p10.webp'),
(11, '骰子街', 750, '/images/product/list/p14.webp'),
(12, '冰淇淋快手2.0', 465, '/images/product/list/p12.webp'),
(13, '蛋糕比薩捲餅帽', 308, '/images/product/list/p13.webp'),
(14, '妙語說書人', 888, '/images/product/list/p15.webp'),
(15, '三國殺標準版', 550, '/images/product/list/st1.webp'),
(16, '風聲再臨', 500, '/images/product/list/st3.webp'),
(17, '卡魯巴探險 Karuba Junior', 1480, '/images/product/list/st5.webp'),
(18, '我們來種菜吧!', 1890, '/images/product/list/st7.webp'),
(19, '玄武門之變-太極篇', 390, '/images/product/list/st8.webp'),
(20, '大五月花號', 1890, '/images/product/list/st9.webp'),
(21, '貓街', 750, '/images/product/list/st10.webp'),
(22, '村莊', 1890, '/images/product/list/st11.webp'),
(23, '詞彙捕手中文達人版', 690, '/images/product/list/edu1.webp'),
(24, '詞彙捕手英文達人版', 655, '/images/product/list/edu2.webp'),
(25, '邏輯九九 ', 351, '/images/product/list/edu3.webp'),
(26, '心算大師', 351, '/images/product/list/edu4.webp'),
(27, '動物農場', 390, '/images/product/list/edu5.webp');

-- --------------------------------------------------------

--
-- 資料表結構 `sessions`
--

CREATE TABLE `sessions` (
  `session_id` varchar(128) CHARACTER SET utf8mb3 COLLATE utf8mb3_general_ci NOT NULL,
  `expires` int UNSIGNED NOT NULL,
  `data` longtext CHARACTER SET utf8mb3 COLLATE utf8mb3_general_ci
) ENGINE=InnoDB DEFAULT CHARSET=utf8mb3;

-- --------------------------------------------------------

--
-- 資料表結構 `store_desk`
--

CREATE TABLE `store_desk` (
  `sid` int NOT NULL DEFAULT '0',
  `store_name` varchar(50) CHARACTER SET utf8mb3 COLLATE utf8mb3_general_ci DEFAULT NULL,
  `store_address` varchar(100) NOT NULL,
  `bussiness_hours` varchar(255) CHARACTER SET utf8mb3 COLLATE utf8mb3_general_ci DEFAULT NULL,
  `store_phone` varchar(20) DEFAULT NULL,
  `rating` decimal(2,1) DEFAULT NULL,
  `store_pic` varchar(255) CHARACTER SET utf8mb3 COLLATE utf8mb3_general_ci DEFAULT NULL,
  `store_logo` varchar(255) CHARACTER SET utf8mb3 COLLATE utf8mb3_general_ci NOT NULL,
  `store_info` varchar(255) CHARACTER SET utf8mb3 COLLATE utf8mb3_general_ci NOT NULL,
  `store_notice` varchar(255) CHARACTER SET utf8mb3 COLLATE utf8mb3_general_ci NOT NULL
) ENGINE=InnoDB DEFAULT CHARSET=utf8mb3;

--
-- 傾印資料表的資料 `store_desk`
--

INSERT INTO `store_desk` (`sid`, `store_name`, `store_address`, `bussiness_hours`, `store_phone`, `rating`, `store_pic`, `store_logo`, `store_info`, `store_notice`) VALUES
(1, '喬桌遊 桌遊娛樂天地', '高雄市新興區林森一路178號', '12:00-02:00', '0980939394', 4.5, 'desk_pic_1_1,desk_pic_1_2', 'desk_logo_1', '我們提供多樣的桌遊選擇，讓您在輕鬆的氛圍中度過愉快的時光。', '無低消，預約沒有人數限制，可帶外食，請大家記得將自己帶來的垃圾一起帶走喔'),
(2, '迴夢劇本桌遊館', '高雄市苓雅區中華四路9號', '11:00-23:00', '0905367718', 5.0, 'desk_pic_2_1,desk_pic_2_2', 'desk_logo_2', '專業的解說人員將帶您進入桌遊的奇妙世界，讓您盡情享受遊戲的樂趣。', '請小心勿讓水滴損傷桌遊，'),
(3, 'Game Square 遊戲平方', '104台北市中山區中山北路一段135巷9號2樓', '11:00-23:00', '0225811191', 4.5, 'desk_pic_3_1,desk_pic_3_2', 'desk_logo_3', '在我們的店裡，您可以找到最新最熱門的桌遊，並與朋友一起度過愉快的時光。', '如需嬰幼兒”玩具”請洽店員， 請勿讓年幼孩童自行拿取桌遊'),
(4, '策略之夢', '台北市大安區敦化南路一段100號', '11:00-24:00', '0901234567', 3.5, 'desk_pic_4_1,desk_pic_4_2', 'desk_logo_4', '我們提供最完善的桌遊服務，無論您是新手還是老手，都能在這裡找到適合您的遊戲。', '租借時請自行清點配件，避免店家自說自話'),
(5, '遊戲天堂', '新北市板橋區文化路二段30巷5號', '10:00-22:00', '0945678901', 4.5, 'desk_pic_5_1,desk_pic_5_2', 'desk_logo_5', '歡迎來到我們的桌遊樂園，這裏有各種各樣的桌遊等待著您的挑戰。', '租借時請注意桌遊對應之年齡層'),
(6, '樂趣坊', '台中市西區忠明南路123號', '12:00-02:00', '0923456123', 1.5, 'desk_pic_6_1,desk_pic_6_2', 'desk_logo_6', '我們致力於打造一個舒適愉快的桌遊空間，讓您盡情享受遊戲的樂趣。', '桌遊不得外借，限在店室內使用。'),
(7, '玩樂世界', '高雄市前鎮區成功二路50號', '11:00-23:00', '0987654321', 4.5, 'desk_pic_7_1,desk_pic_7_2', 'desk_logo_7', '我們擁有豐富的桌遊資源和專業的服務團隊，為您提供最好的遊戲體驗。', '每次桌遊借用以二種為限。'),
(8, '遊樂廣場', '桃園市中壢區永福路三段80巷12號', '10:00-22:00', '0978901234', 3.5, 'desk_pic_8_1,desk_pic_8_2', 'desk_logo_8', '在這裏，您可以找到各種各樣的桌遊，並與朋友一起度過愉快的時光。', '無低消，預約沒有人數限制，可帶外食，請大家記得將自己帶來的垃圾一起帶走喔'),
(9, '智慧棋局', '台南市安南區海安路一段200號', '12:00-02:00', '0932165478', 4.0, 'desk_pic_9_1,desk_pic_9_2', 'desk_logo_9', '我們的店鋪設有專業的遊戲導購人員，隨時為您解答遊戲疑問，讓您暢玩無憂。', '請小心勿讓水滴損傷桌遊，'),
(10, '重逢棋局', '彰化縣彰化市進德路56號', '11:00-23:00', '0967812345', 4.0, 'desk_pic_10_1,desk_pic_10_2', 'desk_logo_10', '歡迎來到我們的店鋪，這裏有最新最熱門的桌遊等待著您的光臨。', '如需嬰幼兒”玩具”請洽店員， 請勿讓年幼孩童自行拿取桌遊'),
(11, '親子桌遊屋', '新竹市東區科學園區研發一路2號', '13:00-03:00', '0954321897', 4.5, 'desk_pic_11_1,desk_pic_11_2', 'desk_logo_11', '我們提供多種多樣的桌遊選擇，讓您在愉快的氛圍中度過美好時光。', '租借時請自行清點配件，避免店家自說自話'),
(12, '遊樂園區', '嘉義市西區興業西路88號', '12:00-02:00', '0998765432', 1.5, 'desk_pic_12_1,desk_pic_12_2', 'desk_logo_12', '在我們的店鋪，您可以找到各種不同類型的桌遊，並與朋友一起度過愉快的時光。', '租借時請注意桌遊對應之年齡層'),
(13, '智者之牌', '宜蘭縣宜蘭市中山路二段45號', '10:00-22:00', '0912345678', 3.0, 'desk_pic_13_1,desk_pic_13_2', 'desk_logo_13', '我們致力於為客戶提供最好的桌遊體驗，讓您在遊戲中盡情放松和享受。', '桌遊不得外借，限在店室內使用。'),
(14, '戰略遊戲坊', '南投縣南投市南崗路三段70號', '12:00-02:00', '0923456789', 4.0, 'desk_pic_14_1,desk_pic_14_2', 'desk_logo_14', '我們的店鋪擁有各種豐富多樣的桌遊資源，讓您在這裏暢玩遊戲，盡享樂趣。', '每次桌遊借用以二種為限。'),
(15, '華麗棋局', '雲林縣斗六市大同路一段33號', '11:00-23:00', '0987654321', 2.5, 'desk_pic_15_1,desk_pic_15_2', 'desk_logo_15', '我們的店鋪設有專業的遊戲解說員，為您提供最專業的遊戲服務和指導。', '無低消，預約沒有人數限制，可帶外食，請大家記得將自己帶來的垃圾一起帶走喔'),
(16, '紙牌樂園', '新竹縣竹北市文化路178號', '11:00-21:00', '0945123786', 5.0, 'desk_pic_16_1,desk_pic_16_2', 'desk_logo_16', '我們提供各種各樣的桌遊選擇，讓您在這裏度過愉快的遊戲時光。', '請小心勿讓水滴損傷桌遊，'),
(17, '遊戲聚點', '基隆市七堵區八德路一段99號', '11:00-04:00', '0998765432', 3.5, 'desk_pic_17_1,desk_pic_17_2', 'desk_logo_17', '歡迎來到我們的店鋪，這裏有各種不同類型的桌遊等待著您的挑戰和探索。', '如需嬰幼兒”玩具”請洽店員， 請勿讓年幼孩童自行拿取桌遊'),
(18, '轉角桌遊店', '屏東縣屏東市廣東路二段60號', '10:00-22:00', '0912345678', 4.5, 'desk_pic_18_1,desk_pic_18_2', 'desk_logo_18', '我們的店鋪提供多種多樣的桌遊服務，讓您在遊戲中盡情享受快樂和刺激。', '租借時請自行清點配件，避免店家自說自話'),
(19, '未來遊戲社', '花蓮縣花蓮市中正路168號', '12:00-02:00', '0956789123', 2.0, 'desk_pic_19_1,desk_pic_19_2', 'desk_logo_19', '我們的店鋪設有專業的桌遊解說員，為您提供最好的遊戲體驗和服務。', '租借時請注意桌遊對應之年齡層'),
(20, '欢乐游戏屋', '澎湖縣馬公市西文里45號', '11:00-23:00', '0978563412', 1.5, 'desk_pic_20_1,desk_pic_20_2', 'desk_logo_20', '在我們的店鋪，您可以找到各種各樣的桌遊，並與朋友一起度過愉快的時光。', '桌遊不得外借，限在店室內使用。'),
(21, '雙人桌遊館', '金門縣金城鎮中正路三段22號', '11:00-03:00', '0921345678', 4.0, 'desk_pic_21_1,desk_pic_21_2', 'desk_logo_21', '我們提供多樣的桌遊選擇，讓您在輕鬆的氛圍中度過愉快的時光。', '每次桌遊借用以二種為限。'),
(22, '娛樂角落', '連江縣南竿鄉復興村60號', '10:00-23:00', '0967812345', 4.5, 'desk_pic_22_1,desk_pic_22_2', 'desk_logo_22', '專業的解說人員將帶您進入桌遊的奇妙世界，讓您盡情享受遊戲的樂趣。', '無低消，預約沒有人數限制，可帶外食，請大家記得將自己帶來的垃圾一起帶走喔'),
(23, '桌遊時光', '桃園市龜山區復興一路10號', '10:00-22:00', '0932154678', 2.5, 'desk_pic_23_1,desk_pic_23_2', 'desk_logo_23', '在我們的店裡，您可以找到最新最熱門的桌遊，並與朋友一起度過愉快的時光。', '請小心勿讓水滴損傷桌遊，'),
(24, '智樂桌遊天地', '台中市西屯區文華路567號', '12:00-02:00', '0918765432', 4.0, 'desk_pic_24_1,desk_pic_24_2', 'desk_logo_24', '我們提供最完善的桌遊服務，無論您是新手還是老手，都能在這裡找到適合您的遊戲。', '如需嬰幼兒”玩具”請洽店員， 請勿讓年幼孩童自行拿取桌遊'),
(25, '策略思維遊戲館', '彰化縣彰化市光復路890號', '12:00-05:00', '0954321897', 4.5, 'desk_pic_25_1,desk_pic_25_2', 'desk_logo_25', '歡迎來到我們的桌遊樂園，這裏有各種各樣的桌遊等待著您的挑戰。', '租借時請自行清點配件，避免店家自說自話'),
(26, '好友桌遊聚樂55', '新竹市東區中央路1234號', '11:00-23:00', '0978563412', 1.5, 'desk_pic_26_1,desk_pic_26_2', 'desk_logo_26', '我們致力於打造一個舒適愉快的桌遊空間，讓您盡情享受遊戲的樂趣。', '租借時請注意桌遊對應之年齡層'),
(27, '94愛玩', '台北市中山區何內路5號', '11:00-24:00', '0932161230', 3.5, 'desk_pic_27_1,desk_pic_27_2', 'desk_logo_27', '我們擁有豐富的桌遊資源和專業的服務團隊，為您提供最好的遊戲體驗。', '桌遊不得外借，限在店室內使用。'),
(28, '智慧遊局', '臺北市大安區敦化南路二段100號', '12:00-06:00', '0912345678', 4.5, 'desk_pic_28_1,desk_pic_28_2', 'desk_logo_28', '我們提供最完善的桌遊服務，無論您是新手還是老手，都能在這裡找到適合您的遊戲。', '租借時請注意桌遊對應之年齡層'),
(29, '樂趣山', '新北市板橋區文化路一段30巷5號', '10:00-22:00', '0987654321', 3.5, 'desk_pic_29_1,desk_pic_29_2', 'desk_logo_29', '歡迎來到我們的桌遊樂園，這裏有各種各樣的桌遊等待著您的挑戰。', '桌遊不得外借，限在店室內使用。'),
(30, '六吋心', '高雄市三民區民族一路100號', '12:00-02:00', '0932165478', 4.0, 'desk_pic_30_1,desk_pic_30_2', 'desk_logo_30', '我們致力於打造一個舒適愉快的桌遊空間，讓您盡情享受遊戲的樂趣。', '每次桌遊借用以二種為限。');

-- --------------------------------------------------------

--
-- 資料表結構 `store_escape`
--

CREATE TABLE `store_escape` (
  `sid` int NOT NULL DEFAULT '0',
  `store_name` varchar(50) DEFAULT NULL,
  `store_address` varchar(100) NOT NULL,
  `business_hours` varchar(50) CHARACTER SET utf8mb3 COLLATE utf8mb3_general_ci NOT NULL,
  `store_phone` varchar(20) DEFAULT NULL,
  `rating` decimal(2,1) DEFAULT NULL,
  `store_pic` varchar(255) CHARACTER SET utf8mb3 COLLATE utf8mb3_general_ci DEFAULT NULL,
  `store_logo` varchar(255) CHARACTER SET utf8mb3 COLLATE utf8mb3_general_ci NOT NULL,
  `store_notice` varchar(255) CHARACTER SET utf8mb3 COLLATE utf8mb3_general_ci NOT NULL,
  `created_at` datetime NOT NULL DEFAULT CURRENT_TIMESTAMP,
  `updated_at` datetime NOT NULL
) ENGINE=InnoDB DEFAULT CHARSET=utf8mb3;

--
-- 傾印資料表的資料 `store_escape`
--

INSERT INTO `store_escape` (`sid`, `store_name`, `store_address`, `business_hours`, `store_phone`, `rating`, `store_pic`, `store_logo`, `store_notice`, `created_at`, `updated_at`) VALUES
(1, '1798真人實境', '高雄市鹽埕區河西路103號B1', '11:00–22:00', '75321798', 5.0, 'escape_pic_1', 'escape_logo_1', '請提前預約密室逃脫體驗，以確保有足夠的空間供您和您的團隊。', '2024-02-02 08:45:23', '2024-02-02 08:45:23'),
(2, '逃生門', '高雄市苓雅區中華四路2號B1', '12:00–21:00', '75369979', 5.0, 'escape_pic_2', 'escape_logo_2', '請勿攜帶任何外部物品進入密室，以確保挑戰的公平性和安全性。', '2024-02-03 16:22:10', '2024-02-03 16:22:10'),
(3, '夢境密室逃脫', '高雄市三民區建國三路213號', '11:00–21:00', '0916415255', 4.5, 'escape_pic_3', 'escape_logo_3', '本店提供多個不同難度的密室逃脫挑戰，請選擇適合您團隊的挑戰難度。', '2024-01-30 10:36:45', '2024-01-30 10:36:45'),
(4, '墨色幻境', '高雄市新興區林森一路178號', '13:00–20:30', '0980939394', 4.5, 'escape_pic_4', 'escape_logo_4', '在挑戰過程中，請隨時保持清醒並密切關注您的團隊成員。', '2024-01-30 10:36:45', '2024-01-30 10:36:45'),
(5, '魔法筆記逃脫', '高雄市苓雅區中華四路2號B1', '12:00–21:00', '75369979', 5.0, 'escape_pic_5', 'escape_logo_5', '為了您的安全，請遵守密室內的所有規定和指示。', '2024-02-03 16:22:10', '2024-02-03 16:22:10'),
(6, '謎之密境', '高雄市苓雅區中華四路9號', '10:00-20:00', '0905367718', 5.0, 'escape_pic_6', 'escape_logo_6', '如有任何緊急情況，請立即向工作人員求助。', '2024-02-04 21:11:37', '2024-02-04 21:11:37'),
(7, '超時脫逃', '高雄市三民區建國三路213號', '11:00-21:00', '0916415255', 4.5, 'escape_pic_7', 'escape_logo_7', '挑戰過程中請不要強行打開或破壞任何裝置或道具。', '2024-01-30 10:36:45', '2024-01-30 10:36:45'),
(8, '奇幻密室', '台北市大安區敦化南路一段100號', '13:00-20:00', '0923456789', 3.5, 'escape_pic_8', 'escape_logo_8', '請避免在挑戰過程中使用手機或其他外部通訊工具，以免影響挑戰體驗。', '2024-02-07 14:07:53', '2024-02-07 14:07:53'),
(9, '創意時空門', '新北市板橋區文化路二段30巷5號', '13:00-23:00', '0987654321', 4.5, 'escape_pic_9', 'escape_logo_9', '挑戰結束後，請勿洩漏任何關於挑戰內容的信息，以保持挑戰的神秘性。', '2024-02-08 09:48:02', '2024-02-08 09:48:02'),
(10, '解謎探索', '台中市西區忠明南路123號', '13:00-21:00', '0945123786', 1.5, 'escape_pic_10', 'escape_logo_10', '請遵守遊戲規則並保持團隊合作，以提高挑戰成功的機會。', '2024-02-09 23:59:59', '2024-02-09 23:59:59'),
(11, '真實謎城', '高雄市前鎮區成功二路50號', '13:00-21:30', '0998765432', 4.5, 'escape_pic_11', 'escape_logo_11', '挑戰結束後，請勿將任何遊戲物品帶離密室，以便下一個團隊挑戰。', '2024-02-10 03:20:15', '2024-02-10 03:20:15'),
(12, '時間之門逃脫', '桃園市中壢區永福路三段80巷12號', '13:00-23:00', '0912345678', 3.0, 'escape_pic_12', 'escape_logo_12', '為了提供最佳的挑戰體驗，請勿攜帶飲食或飲料進入密室。', '2024-02-11 11:45:38', '2024-02-11 11:45:38'),
(13, '幻境脫逃', '台南市安南區海安路一段200號', '13:00-21:00', '0956789123', 4.0, 'escape_pic_13', 'escape_logo_13', '如有任何問題或建議，請隨時向工作人員反饋，我們將竭誠為您服務。', '2024-02-12 07:36:09', '2024-02-12 07:36:09'),
(14, '超現實密室', '彰化縣彰化市進德路56號', '10:00-21:00', '0978563412', 4.0, 'escape_pic_14', 'escape_logo_14', '請在挑戰前將手機關閉或靜音，以確保挑戰過程的專注度。', '2024-02-13 19:50:28', '2024-02-13 19:50:28'),
(15, '謎樓逃脫', '新竹市東區科學園區研發一路2號', '13:00-23:00', '0921345678', 4.7, 'escape_pic_15', 'escape_logo_15', '在挑戰過程中，請留意任何提示或線索，以幫助您解決難題。', '2024-02-14 16:15:07', '2024-02-14 16:15:07'),
(16, '奇幻時空突破', '嘉義市西區興業西路88號', '13:00-20:00', '0967812345', 1.5, 'escape_pic_16', 'escape_logo_16', '請確保您的團隊成員身心健康，並避免在密室中使用暴力行為。', '2024-02-15 01:27:46', '2024-02-15 01:27:46'),
(17, '時間迷宮', '宜蘭縣宜蘭市中山路二段45號', '12:00–23:00', '0932154678', 3.0, 'escape_pic_17', 'escape_logo_17', '請在挑戰前核對您的預約時間，並提前到達以完成登記和準備。', '2024-02-16 10:08:34', '2024-02-16 10:08:34'),
(18, '空間之謎逃', '南投縣南投市南崗路三段70號', '13:00-23:00', '0901234567', 4.5, 'escape_pic_18', 'escape_logo_18', '挑戰過程中請不要強行打開或破壞任何裝置或道具。', '2024-02-17 20:14:52', '2024-02-17 20:14:52'),
(19, '超時密道', '雲林縣斗六市大同路一段33號', '10:00-23:00', '0945678901', 2.5, 'escape_pic_19', 'escape_logo_19', '如有任何身體不適或情緒波動，請立即向工作人員求助。', '2024-02-18 13:42:30', '2024-02-18 13:42:30'),
(20, '謎幻迷途', '基隆市七堵區八德路一段99號', '13:00-21:00', '0987654321', 3.5, 'escape_pic_20', 'escape_logo_20', '請勿在密室中攜帶任何易燃、易爆或危險品，以確保挑戰的安全性。', '2024-02-20 22:31:18', '2024-02-20 22:31:18'),
(21, '時光迴廊逃脫', '屏東縣屏東市廣東路二段60號', '13:00-20:00', '0978901234', 4.5, 'escape_pic_21', 'escape_logo_21', '挑戰過程中，請勿將任何物品丟棄或擾亂挑戰場景，以免影響挑戰體驗。', '2024-02-11 11:45:38', '2024-02-11 11:45:38'),
(22, '境界解謎', '花蓮縣花蓮市中正路168號', '10:00-20:00', '0932165478', 2.5, 'escape_pic_22', 'escape_logo_22', '請在挑戰前仔細閱讀挑戰說明和注意事項，以免發生任何意外或誤解。', '2024-02-12 07:36:09', '2024-02-12 07:36:09'),
(23, '穿越小舖', '金門縣金城鎮中正路三段22號', '13:00-23:00', '0954321897', 4.5, 'escape_pic_23', 'escape_logo_23', '挑戰過程中，請保持冷靜和理性，避免因情緒激動而影響挑戰的進行。', '2024-02-14 16:15:07', '2024-02-14 16:15:07'),
(24, '時空裂縫', '連江縣南竿鄉復興村60號', '13:00-23:00', '0998765432', 4.5, 'escape_pic_24', 'escape_logo_24', '挑戰過程中，請密切注意您的周圍環境，以避免受傷或發生意外。', '2024-02-05 05:55:44', '2024-01-30 15:31:25'),
(25, '阿比阿弟', '桃園市龜山區復興一路10號', '13:00-23:00', '0912345678', 2.5, 'escape_pic_25', 'escape_logo_25', '如有任何問題或建議，請隨時向工作人員反饋，我們將竭誠為您服務。', '2024-02-06 18:29:19', '2024-02-06 18:29:19'),
(26, '解謎探案社', '台北市中正區忠孝東路一段123號', '09:00 - 21:00', '0912345678', 4.5, 'escape_pic_26', 'escape_logo_26', '請避免在密室內大聲喧嘩或嘈雜，以免影響其他團隊的挑戰體驗。', '2024-02-11 11:45:38', '2024-02-11 11:45:38'),
(27, '恐懼研究室', '新北市板橋區文化路456號', '10:00 - 22:00', '0987654321', 3.5, 'escape_pic_27', 'escape_logo_27', '挑戰過程中請不要強行打開或破壞任何裝置或道具。', '2024-02-12 07:36:09', '2024-02-12 07:36:09'),
(28, '冒險蠟像館', '高雄市苓雅區六合路789號', '11:00 - 21:30', '0945123786', 4.0, 'escape_pic_28', 'escape_logo_28', '請在挑戰結束後及時向工作人員反饋您的挑戰體驗和建議，以便我們不斷改進服務。', '2024-02-13 19:50:28', '2024-02-13 19:50:28'),
(29, '比奇堡', '桃園市桃園區中正路567號', '10:00 - 21:00', '0918765432', 4.5, 'escape_pic_29', 'escape_logo_29', '為了您的安全，請遵守密室內的所有規定和指示。', '2024-02-15 01:27:46', '2024-02-15 01:27:46'),
(30, '麥當逃', '台南市中西區南京路890號', '09:00 - 22:00', '0954321897', 5.0, 'escape_pic_30', 'escape_logo_30', '請在挑戰前仔細閱讀挑戰說明和注意事項，以免發生任何意外或誤解。', '2024-02-16 10:08:34', '2024-02-16 10:08:34');

-- --------------------------------------------------------

--
-- 資料表結構 `store_likes`
--

CREATE TABLE `store_likes` (
  `sid` int NOT NULL,
  `store_sid` int NOT NULL,
  `member_sid` int NOT NULL,
  `created_at` timestamp NOT NULL DEFAULT CURRENT_TIMESTAMP
) ENGINE=InnoDB DEFAULT CHARSET=utf8mb3;

--
-- 傾印資料表的資料 `store_likes`
--

INSERT INTO `store_likes` (`sid`, `store_sid`, `member_sid`, `created_at`) VALUES
(49, 26, 3, '2024-04-18 03:10:40'),
(50, 27, 3, '2024-04-18 03:10:40');

--
-- 已傾印資料表的索引
--

--
-- 資料表索引 `booking_desk`
--
ALTER TABLE `booking_desk`
  ADD PRIMARY KEY (`sid`);

--
-- 資料表索引 `booking_escape`
--
ALTER TABLE `booking_escape`
  ADD PRIMARY KEY (`sid`);

--
-- 資料表索引 `comments`
--
ALTER TABLE `comments`
  ADD PRIMARY KEY (`sid`);

--
-- 資料表索引 `game`
--
ALTER TABLE `game`
  ADD PRIMARY KEY (`sid`);

--
-- 資料表索引 `match_desk`
--
ALTER TABLE `match_desk`
  ADD PRIMARY KEY (`md_id`);

--
-- 資料表索引 `match_desk_member`
--
ALTER TABLE `match_desk_member`
  ADD PRIMARY KEY (`mdm_id`);

--
-- 資料表索引 `match_escape`
--
ALTER TABLE `match_escape`
  ADD PRIMARY KEY (`me_id`);

--
-- 資料表索引 `match_escape_member`
--
ALTER TABLE `match_escape_member`
  ADD PRIMARY KEY (`id`);

--
-- 資料表索引 `member`
--
ALTER TABLE `member`
  ADD PRIMARY KEY (`id`);

--
-- 資料表索引 `products`
--
ALTER TABLE `products`
  ADD PRIMARY KEY (`id`);

--
-- 資料表索引 `sessions`
--
ALTER TABLE `sessions`
  ADD PRIMARY KEY (`session_id`);

--
-- 資料表索引 `store_desk`
--
ALTER TABLE `store_desk`
  ADD PRIMARY KEY (`sid`);

--
-- 資料表索引 `store_escape`
--
ALTER TABLE `store_escape`
  ADD PRIMARY KEY (`sid`);

--
-- 資料表索引 `store_likes`
--
ALTER TABLE `store_likes`
  ADD PRIMARY KEY (`sid`),
  ADD KEY `product_sid` (`store_sid`),
  ADD KEY `member_sid` (`member_sid`);

--
-- 在傾印的資料表使用自動遞增(AUTO_INCREMENT)
--

--
-- 使用資料表自動遞增(AUTO_INCREMENT) `booking_desk`
--
ALTER TABLE `booking_desk`
  MODIFY `sid` int NOT NULL AUTO_INCREMENT, AUTO_INCREMENT=55;

--
-- 使用資料表自動遞增(AUTO_INCREMENT) `booking_escape`
--
ALTER TABLE `booking_escape`
  MODIFY `sid` int NOT NULL AUTO_INCREMENT, AUTO_INCREMENT=40;

--
-- 使用資料表自動遞增(AUTO_INCREMENT) `comments`
--
ALTER TABLE `comments`
  MODIFY `sid` int NOT NULL AUTO_INCREMENT, AUTO_INCREMENT=69;

--
-- 使用資料表自動遞增(AUTO_INCREMENT) `game`
--
ALTER TABLE `game`
  MODIFY `sid` int NOT NULL AUTO_INCREMENT, AUTO_INCREMENT=31;

--
-- 使用資料表自動遞增(AUTO_INCREMENT) `match_desk`
--
ALTER TABLE `match_desk`
  MODIFY `md_id` int NOT NULL AUTO_INCREMENT, AUTO_INCREMENT=45;

--
-- 使用資料表自動遞增(AUTO_INCREMENT) `match_desk_member`
--
ALTER TABLE `match_desk_member`
  MODIFY `mdm_id` int NOT NULL AUTO_INCREMENT, AUTO_INCREMENT=127;

--
-- 使用資料表自動遞增(AUTO_INCREMENT) `match_escape`
--
ALTER TABLE `match_escape`
  MODIFY `me_id` int NOT NULL AUTO_INCREMENT, AUTO_INCREMENT=31;

--
-- 使用資料表自動遞增(AUTO_INCREMENT) `match_escape_member`
--
ALTER TABLE `match_escape_member`
  MODIFY `id` int NOT NULL AUTO_INCREMENT, AUTO_INCREMENT=90;

--
-- 使用資料表自動遞增(AUTO_INCREMENT) `member`
--
ALTER TABLE `member`
  MODIFY `id` int NOT NULL AUTO_INCREMENT, AUTO_INCREMENT=22;

--
-- 使用資料表自動遞增(AUTO_INCREMENT) `products`
--
ALTER TABLE `products`
  MODIFY `id` int NOT NULL AUTO_INCREMENT, AUTO_INCREMENT=28;

--
-- 使用資料表自動遞增(AUTO_INCREMENT) `store_likes`
--
ALTER TABLE `store_likes`
  MODIFY `sid` int NOT NULL AUTO_INCREMENT, AUTO_INCREMENT=63;
COMMIT;

/*!40101 SET CHARACTER_SET_CLIENT=@OLD_CHARACTER_SET_CLIENT */;
/*!40101 SET CHARACTER_SET_RESULTS=@OLD_CHARACTER_SET_RESULTS */;
/*!40101 SET COLLATION_CONNECTION=@OLD_COLLATION_CONNECTION */;
